Team 1,Team 2,P(T1 Win),Predicted Winner,Actual Winner
Akron,Alabama,0.51,Akron,
Akron,Arizona,0.46,Arizona,
Alabama,Arizona,0.65,Alabama,
Akron,Arkansas,0.51,Akron,
Alabama,Arkansas,0.67,Alabama,
Arizona,Arkansas,0.43,Arkansas,
Akron,Auburn,0.52,Akron,
Alabama,Auburn,0.54,Alabama,
Arizona,Auburn,0.34,Auburn,
Arkansas,Auburn,0.5,Arkansas,
Akron,Baylor,0.5,Akron,
Alabama,Baylor,0.71,Alabama,
Arizona,Baylor,0.52,Arizona,
Arkansas,Baylor,0.54,Arkansas,
Auburn,Baylor,0.67,Auburn,
Akron,Boise St,0.51,Akron,
Alabama,Boise St,0.68,Alabama,
Arizona,Boise St,0.62,Arizona,
Arkansas,Boise St,0.54,Arkansas,
Auburn,Boise St,0.69,Auburn,
Baylor,Boise St,0.46,Boise St,
Akron,Bryant,0.51,Akron,
Alabama,Bryant,0.59,Alabama,
Arizona,Bryant,0.39,Bryant,
Arkansas,Bryant,0.49,Bryant,
Auburn,Bryant,0.6,Auburn,
Baylor,Bryant,0.5,Baylor,
Boise St,Bryant,0.41,Bryant,
Akron,Chattanooga,0.42,Chattanooga,
Alabama,Chattanooga,0.59,Alabama,
Arizona,Chattanooga,0.46,Chattanooga,
Arkansas,Chattanooga,0.37,Chattanooga,
Auburn,Chattanooga,0.62,Auburn,
Baylor,Chattanooga,0.41,Chattanooga,
Boise St,Chattanooga,0.34,Chattanooga,
Bryant,Chattanooga,0.41,Chattanooga,
Akron,Colgate,0.46,Colgate,
Alabama,Colgate,0.53,Alabama,
Arizona,Colgate,0.47,Colgate,
Arkansas,Colgate,0.52,Arkansas,
Auburn,Colgate,0.59,Auburn,
Baylor,Colgate,0.46,Colgate,
Boise St,Colgate,0.35,Colgate,
Bryant,Colgate,0.4,Colgate,
Chattanooga,Colgate,0.49,Colgate,
Akron,Colorado St,0.6,Akron,
Alabama,Colorado St,0.68,Alabama,
Arizona,Colorado St,0.59,Arizona,
Arkansas,Colorado St,0.49,Colorado St,
Auburn,Colorado St,0.61,Auburn,
Baylor,Colorado St,0.54,Baylor,
Boise St,Colorado St,0.55,Boise St,
Bryant,Colorado St,0.47,Colorado St,
Chattanooga,Colorado St,0.6,Chattanooga,
Colgate,Colorado St,0.55,Colgate,
Akron,Connecticut,0.48,Connecticut,
Alabama,Connecticut,0.67,Alabama,
Arizona,Connecticut,0.57,Arizona,
Arkansas,Connecticut,0.47,Connecticut,
Auburn,Connecticut,0.71,Auburn,
Baylor,Connecticut,0.48,Connecticut,
Boise St,Connecticut,0.38,Connecticut,
Bryant,Connecticut,0.5,Bryant,
Chattanooga,Connecticut,0.54,Chattanooga,
Colgate,Connecticut,0.54,Colgate,
Colorado St,Connecticut,0.43,Connecticut,
Akron,Creighton,0.62,Akron,
Alabama,Creighton,0.67,Alabama,
Arizona,Creighton,0.4,Creighton,
Arkansas,Creighton,0.55,Arkansas,
Auburn,Creighton,0.62,Auburn,
Baylor,Creighton,0.49,Creighton,
Boise St,Creighton,0.51,Boise St,
Bryant,Creighton,0.47,Creighton,
Chattanooga,Creighton,0.57,Chattanooga,
Colgate,Creighton,0.52,Colgate,
Colorado St,Creighton,0.42,Creighton,
Connecticut,Creighton,0.46,Creighton,
Akron,CS Fullerton,0.58,Akron,
Alabama,CS Fullerton,0.66,Alabama,
Arizona,CS Fullerton,0.47,CS Fullerton,
Arkansas,CS Fullerton,0.49,CS Fullerton,
Auburn,CS Fullerton,0.64,Auburn,
Baylor,CS Fullerton,0.51,Baylor,
Boise St,CS Fullerton,0.55,Boise St,
Bryant,CS Fullerton,0.45,CS Fullerton,
Chattanooga,CS Fullerton,0.54,Chattanooga,
Colgate,CS Fullerton,0.55,Colgate,
Colorado St,CS Fullerton,0.49,CS Fullerton,
Connecticut,CS Fullerton,0.6,Connecticut,
Creighton,CS Fullerton,0.45,CS Fullerton,
Akron,Davidson,0.61,Akron,
Alabama,Davidson,0.69,Alabama,
Arizona,Davidson,0.67,Arizona,
Arkansas,Davidson,0.51,Arkansas,
Auburn,Davidson,0.68,Auburn,
Baylor,Davidson,0.62,Baylor,
Boise St,Davidson,0.63,Boise St,
Bryant,Davidson,0.5,Bryant,
Chattanooga,Davidson,0.63,Chattanooga,
Colgate,Davidson,0.68,Colgate,
Colorado St,Davidson,0.57,Colorado St,
Connecticut,Davidson,0.6,Connecticut,
Creighton,Davidson,0.53,Creighton,
CS Fullerton,Davidson,0.54,CS Fullerton,
Akron,Delaware,0.48,Delaware,
Alabama,Delaware,0.55,Alabama,
Arizona,Delaware,0.34,Delaware,
Arkansas,Delaware,0.38,Delaware,
Auburn,Delaware,0.58,Auburn,
Baylor,Delaware,0.4,Delaware,
Boise St,Delaware,0.39,Delaware,
Bryant,Delaware,0.41,Delaware,
Chattanooga,Delaware,0.48,Delaware,
Colgate,Delaware,0.5,Colgate,
Colorado St,Delaware,0.44,Delaware,
Connecticut,Delaware,0.45,Delaware,
Creighton,Delaware,0.35,Delaware,
CS Fullerton,Delaware,0.45,Delaware,
Davidson,Delaware,0.36,Delaware,
Akron,Duke,0.49,Duke,
Alabama,Duke,0.68,Alabama,
Arizona,Duke,0.46,Duke,
Arkansas,Duke,0.49,Duke,Duke
Auburn,Duke,0.63,Auburn,
Baylor,Duke,0.51,Baylor,
Boise St,Duke,0.35,Duke,
Bryant,Duke,0.38,Duke,
Chattanooga,Duke,0.47,Duke,
Colgate,Duke,0.46,Duke,
Colorado St,Duke,0.41,Duke,
Connecticut,Duke,0.47,Duke,
Creighton,Duke,0.26,Duke,
CS Fullerton,Duke,0.59,CS Fullerton,Duke
Davidson,Duke,0.24,Duke,
Delaware,Duke,0.49,Duke,
Akron,Georgia St,0.54,Akron,
Alabama,Georgia St,0.76,Alabama,
Arizona,Georgia St,0.6,Arizona,
Arkansas,Georgia St,0.52,Arkansas,
Auburn,Georgia St,0.68,Auburn,
Baylor,Georgia St,0.51,Baylor,
Boise St,Georgia St,0.48,Georgia St,
Bryant,Georgia St,0.49,Georgia St,
Chattanooga,Georgia St,0.56,Chattanooga,
Colgate,Georgia St,0.53,Colgate,
Colorado St,Georgia St,0.43,Georgia St,
Connecticut,Georgia St,0.61,Connecticut,
Creighton,Georgia St,0.34,Georgia St,
CS Fullerton,Georgia St,0.51,CS Fullerton,
Davidson,Georgia St,0.41,Georgia St,
Delaware,Georgia St,0.48,Georgia St,
Duke,Georgia St,0.42,Georgia St,
Akron,Gonzaga,0.51,Akron,
Alabama,Gonzaga,0.61,Alabama,
Arizona,Gonzaga,0.38,Gonzaga,
Arkansas,Gonzaga,0.53,Arkansas,Arkansas
Auburn,Gonzaga,0.57,Auburn,
Baylor,Gonzaga,0.41,Gonzaga,
Boise St,Gonzaga,0.42,Gonzaga,
Bryant,Gonzaga,0.4,Gonzaga,
Chattanooga,Gonzaga,0.45,Gonzaga,
Colgate,Gonzaga,0.43,Gonzaga,
Colorado St,Gonzaga,0.31,Gonzaga,
Connecticut,Gonzaga,0.42,Gonzaga,
Creighton,Gonzaga,0.25,Gonzaga,
CS Fullerton,Gonzaga,0.48,Gonzaga,
Davidson,Gonzaga,0.24,Gonzaga,
Delaware,Gonzaga,0.44,Gonzaga,
Duke,Gonzaga,0.28,Gonzaga,
Georgia St,Gonzaga,0.45,Gonzaga,Gonzaga
Akron,Houston,0.52,Akron,
Alabama,Houston,0.65,Alabama,
Arizona,Houston,0.42,Houston,Houston
Arkansas,Houston,0.5,Arkansas,
Auburn,Houston,0.68,Auburn,
Baylor,Houston,0.48,Houston,
Boise St,Houston,0.4,Houston,
Bryant,Houston,0.51,Bryant,
Chattanooga,Houston,0.51,Chattanooga,
Colgate,Houston,0.52,Colgate,
Colorado St,Houston,0.45,Houston,
Connecticut,Houston,0.52,Connecticut,
Creighton,Houston,0.3,Houston,
CS Fullerton,Houston,0.51,CS Fullerton,
Davidson,Houston,0.32,Houston,
Delaware,Houston,0.57,Delaware,
Duke,Houston,0.31,Houston,
Georgia St,Houston,0.48,Houston,
Gonzaga,Houston,0.45,Houston,
Akron,Illinois,0.44,Illinois,
Alabama,Illinois,0.63,Alabama,
Arizona,Illinois,0.48,Illinois,
Arkansas,Illinois,0.44,Illinois,
Auburn,Illinois,0.59,Auburn,
Baylor,Illinois,0.47,Illinois,
Boise St,Illinois,0.38,Illinois,
Bryant,Illinois,0.42,Illinois,
Chattanooga,Illinois,0.46,Illinois,Illinois
Colgate,Illinois,0.55,Colgate,
Colorado St,Illinois,0.39,Illinois,
Connecticut,Illinois,0.5,Connecticut,
Creighton,Illinois,0.31,Illinois,
CS Fullerton,Illinois,0.35,Illinois,
Davidson,Illinois,0.3,Illinois,
Delaware,Illinois,0.47,Illinois,
Duke,Illinois,0.35,Illinois,
Georgia St,Illinois,0.42,Illinois,
Gonzaga,Illinois,0.52,Gonzaga,
Houston,Illinois,0.45,Illinois,Houston
Akron,Indiana,0.5,Akron,
Alabama,Indiana,0.68,Alabama,
Arizona,Indiana,0.48,Indiana,
Arkansas,Indiana,0.54,Arkansas,
Auburn,Indiana,0.65,Auburn,
Baylor,Indiana,0.49,Indiana,
Boise St,Indiana,0.36,Indiana,
Bryant,Indiana,0.46,Indiana,
Chattanooga,Indiana,0.5,Chattanooga,
Colgate,Indiana,0.49,Indiana,
Colorado St,Indiana,0.42,Indiana,
Connecticut,Indiana,0.5,Connecticut,
Creighton,Indiana,0.29,Indiana,
CS Fullerton,Indiana,0.49,Indiana,
Davidson,Indiana,0.3,Indiana,
Delaware,Indiana,0.51,Delaware,
Duke,Indiana,0.36,Indiana,
Georgia St,Indiana,0.48,Indiana,
Gonzaga,Indiana,0.47,Indiana,
Houston,Indiana,0.46,Indiana,
Illinois,Indiana,0.35,Indiana,
Akron,Iowa,0.5,Akron,
Alabama,Iowa,0.67,Alabama,
Arizona,Iowa,0.45,Iowa,
Arkansas,Iowa,0.52,Arkansas,
Auburn,Iowa,0.65,Auburn,
Baylor,Iowa,0.52,Baylor,
Boise St,Iowa,0.45,Iowa,
Bryant,Iowa,0.49,Iowa,
Chattanooga,Iowa,0.56,Chattanooga,
Colgate,Iowa,0.49,Iowa,
Colorado St,Iowa,0.45,Iowa,
Connecticut,Iowa,0.52,Connecticut,
Creighton,Iowa,0.36,Iowa,
CS Fullerton,Iowa,0.51,CS Fullerton,
Davidson,Iowa,0.35,Iowa,
Delaware,Iowa,0.53,Delaware,
Duke,Iowa,0.32,Iowa,
Georgia St,Iowa,0.55,Georgia St,
Gonzaga,Iowa,0.51,Gonzaga,
Houston,Iowa,0.52,Houston,
Illinois,Iowa,0.4,Iowa,
Indiana,Iowa,0.38,Iowa,
Akron,Iowa St,0.69,Akron,
Alabama,Iowa St,0.61,Alabama,
Arizona,Iowa St,0.54,Arizona,
Arkansas,Iowa St,0.44,Iowa St,
Auburn,Iowa St,0.55,Auburn,
Baylor,Iowa St,0.52,Baylor,
Boise St,Iowa St,0.54,Boise St,
Bryant,Iowa St,0.5,Bryant,
Chattanooga,Iowa St,0.6,Chattanooga,
Colgate,Iowa St,0.55,Colgate,
Colorado St,Iowa St,0.47,Iowa St,
Connecticut,Iowa St,0.57,Connecticut,
Creighton,Iowa St,0.46,Iowa St,
CS Fullerton,Iowa St,0.58,CS Fullerton,
Davidson,Iowa St,0.46,Iowa St,
Delaware,Iowa St,0.6,Delaware,
Duke,Iowa St,0.4,Iowa St,
Georgia St,Iowa St,0.62,Georgia St,
Gonzaga,Iowa St,0.43,Iowa St,
Houston,Iowa St,0.55,Houston,
Illinois,Iowa St,0.44,Iowa St,
Indiana,Iowa St,0.38,Iowa St,
Iowa,Iowa St,0.48,Iowa St,
Akron,Jacksonville St,0.51,Akron,
Alabama,Jacksonville St,0.63,Alabama,
Arizona,Jacksonville St,0.4,Jacksonville St,
Arkansas,Jacksonville St,0.5,Arkansas,
Auburn,Jacksonville St,0.55,Auburn,Auburn
Baylor,Jacksonville St,0.47,Jacksonville St,
Boise St,Jacksonville St,0.43,Jacksonville St,
Bryant,Jacksonville St,0.4,Jacksonville St,
Chattanooga,Jacksonville St,0.51,Chattanooga,
Colgate,Jacksonville St,0.52,Colgate,
Colorado St,Jacksonville St,0.37,Jacksonville St,
Connecticut,Jacksonville St,0.43,Jacksonville St,
Creighton,Jacksonville St,0.37,Jacksonville St,
CS Fullerton,Jacksonville St,0.44,Jacksonville St,
Davidson,Jacksonville St,0.41,Jacksonville St,
Delaware,Jacksonville St,0.42,Jacksonville St,
Duke,Jacksonville St,0.3,Jacksonville St,
Georgia St,Jacksonville St,0.47,Jacksonville St,
Gonzaga,Jacksonville St,0.44,Jacksonville St,
Houston,Jacksonville St,0.44,Jacksonville St,
Illinois,Jacksonville St,0.42,Jacksonville St,
Indiana,Jacksonville St,0.33,Jacksonville St,
Iowa,Jacksonville St,0.42,Jacksonville St,
Iowa St,Jacksonville St,0.46,Jacksonville St,
Akron,Kansas,0.49,Kansas,
Alabama,Kansas,0.7,Alabama,
Arizona,Kansas,0.49,Kansas,
Arkansas,Kansas,0.46,Kansas,
Auburn,Kansas,0.63,Auburn,
Baylor,Kansas,0.47,Kansas,
Boise St,Kansas,0.38,Kansas,
Bryant,Kansas,0.41,Kansas,
Chattanooga,Kansas,0.54,Chattanooga,
Colgate,Kansas,0.57,Colgate,
Colorado St,Kansas,0.4,Kansas,
Connecticut,Kansas,0.55,Connecticut,
Creighton,Kansas,0.31,Kansas,Kansas
CS Fullerton,Kansas,0.48,Kansas,
Davidson,Kansas,0.3,Kansas,
Delaware,Kansas,0.51,Delaware,
Duke,Kansas,0.36,Kansas,
Georgia St,Kansas,0.46,Kansas,
Gonzaga,Kansas,0.51,Gonzaga,
Houston,Kansas,0.49,Kansas,
Illinois,Kansas,0.44,Kansas,
Indiana,Kansas,0.34,Kansas,
Iowa,Kansas,0.45,Kansas,
Iowa St,Kansas,0.36,Kansas,
Jacksonville St,Kansas,0.38,Kansas,
Akron,Kentucky,0.51,Akron,
Alabama,Kentucky,0.73,Alabama,
Arizona,Kentucky,0.5,Arizona,
Arkansas,Kentucky,0.52,Arkansas,
Auburn,Kentucky,0.75,Auburn,
Baylor,Kentucky,0.56,Baylor,
Boise St,Kentucky,0.41,Kentucky,
Bryant,Kentucky,0.49,Kentucky,
Chattanooga,Kentucky,0.61,Chattanooga,
Colgate,Kentucky,0.43,Kentucky,
Colorado St,Kentucky,0.46,Kentucky,
Connecticut,Kentucky,0.46,Kentucky,
Creighton,Kentucky,0.3,Kentucky,
CS Fullerton,Kentucky,0.56,CS Fullerton,
Davidson,Kentucky,0.27,Kentucky,
Delaware,Kentucky,0.56,Delaware,
Duke,Kentucky,0.3,Kentucky,
Georgia St,Kentucky,0.59,Georgia St,
Gonzaga,Kentucky,0.54,Gonzaga,
Houston,Kentucky,0.63,Houston,
Illinois,Kentucky,0.32,Kentucky,
Indiana,Kentucky,0.26,Kentucky,
Iowa,Kentucky,0.44,Kentucky,
Iowa St,Kentucky,0.43,Kentucky,
Jacksonville St,Kentucky,0.41,Kentucky,
Kansas,Kentucky,0.33,Kentucky,
Akron,Longwood,0.55,Akron,
Alabama,Longwood,0.68,Alabama,
Arizona,Longwood,0.52,Arizona,
Arkansas,Longwood,0.49,Longwood,
Auburn,Longwood,0.65,Auburn,
Baylor,Longwood,0.58,Baylor,
Boise St,Longwood,0.51,Boise St,
Bryant,Longwood,0.49,Longwood,
Chattanooga,Longwood,0.57,Chattanooga,
Colgate,Longwood,0.56,Colgate,
Colorado St,Longwood,0.54,Colorado St,
Connecticut,Longwood,0.62,Connecticut,
Creighton,Longwood,0.41,Longwood,
CS Fullerton,Longwood,0.54,CS Fullerton,
Davidson,Longwood,0.47,Longwood,
Delaware,Longwood,0.49,Longwood,
Duke,Longwood,0.41,Longwood,
Georgia St,Longwood,0.51,Georgia St,
Gonzaga,Longwood,0.53,Gonzaga,
Houston,Longwood,0.56,Houston,
Illinois,Longwood,0.53,Illinois,
Indiana,Longwood,0.45,Longwood,
Iowa,Longwood,0.42,Longwood,
Iowa St,Longwood,0.51,Iowa St,
Jacksonville St,Longwood,0.53,Jacksonville St,
Kansas,Longwood,0.41,Longwood,
Kentucky,Longwood,0.54,Kentucky,
Akron,Loyola-Chicago,0.38,Loyola-Chicago,
Alabama,Loyola-Chicago,0.62,Alabama,
Arizona,Loyola-Chicago,0.47,Loyola-Chicago,
Arkansas,Loyola-Chicago,0.46,Loyola-Chicago,
Auburn,Loyola-Chicago,0.54,Auburn,
Baylor,Loyola-Chicago,0.45,Loyola-Chicago,
Boise St,Loyola-Chicago,0.34,Loyola-Chicago,
Bryant,Loyola-Chicago,0.51,Bryant,
Chattanooga,Loyola-Chicago,0.45,Loyola-Chicago,
Colgate,Loyola-Chicago,0.52,Colgate,
Colorado St,Loyola-Chicago,0.43,Loyola-Chicago,
Connecticut,Loyola-Chicago,0.44,Loyola-Chicago,
Creighton,Loyola-Chicago,0.36,Loyola-Chicago,
CS Fullerton,Loyola-Chicago,0.39,Loyola-Chicago,
Davidson,Loyola-Chicago,0.32,Loyola-Chicago,
Delaware,Loyola-Chicago,0.49,Loyola-Chicago,
Duke,Loyola-Chicago,0.3,Loyola-Chicago,
Georgia St,Loyola-Chicago,0.45,Loyola-Chicago,
Gonzaga,Loyola-Chicago,0.52,Gonzaga,
Houston,Loyola-Chicago,0.43,Loyola-Chicago,
Illinois,Loyola-Chicago,0.42,Loyola-Chicago,
Indiana,Loyola-Chicago,0.34,Loyola-Chicago,
Iowa,Loyola-Chicago,0.38,Loyola-Chicago,
Iowa St,Loyola-Chicago,0.45,Loyola-Chicago,
Jacksonville St,Loyola-Chicago,0.5,Jacksonville St,
Kansas,Loyola-Chicago,0.21,Loyola-Chicago,
Kentucky,Loyola-Chicago,0.47,Loyola-Chicago,
Longwood,Loyola-Chicago,0.34,Loyola-Chicago,
Akron,LSU,0.66,Akron,
Alabama,LSU,0.68,Alabama,
Arizona,LSU,0.53,Arizona,
Arkansas,LSU,0.53,Arkansas,
Auburn,LSU,0.62,Auburn,
Baylor,LSU,0.65,Baylor,
Boise St,LSU,0.57,Boise St,
Bryant,LSU,0.55,Bryant,
Chattanooga,LSU,0.66,Chattanooga,
Colgate,LSU,0.48,LSU,
Colorado St,LSU,0.63,Colorado St,
Connecticut,LSU,0.64,Connecticut,
Creighton,LSU,0.45,LSU,
CS Fullerton,LSU,0.63,CS Fullerton,
Davidson,LSU,0.47,LSU,
Delaware,LSU,0.61,Delaware,
Duke,LSU,0.44,LSU,
Georgia St,LSU,0.7,Georgia St,
Gonzaga,LSU,0.56,Gonzaga,
Houston,LSU,0.61,Houston,
Illinois,LSU,0.52,Illinois,
Indiana,LSU,0.45,LSU,
Iowa,LSU,0.52,Iowa,
Iowa St,LSU,0.64,Iowa St,Iowa St
Jacksonville St,LSU,0.52,Jacksonville St,
Kansas,LSU,0.45,LSU,
Kentucky,LSU,0.62,Kentucky,
Longwood,LSU,0.57,Longwood,
Loyola-Chicago,LSU,0.55,Loyola-Chicago,
Akron,Marquette,0.55,Akron,
Alabama,Marquette,0.62,Alabama,
Arizona,Marquette,0.49,Marquette,
Arkansas,Marquette,0.51,Arkansas,
Auburn,Marquette,0.67,Auburn,
Baylor,Marquette,0.45,Marquette,
Boise St,Marquette,0.37,Marquette,
Bryant,Marquette,0.5,Bryant,
Chattanooga,Marquette,0.51,Chattanooga,
Colgate,Marquette,0.56,Colgate,
Colorado St,Marquette,0.35,Marquette,
Connecticut,Marquette,0.43,Marquette,
Creighton,Marquette,0.3,Marquette,
CS Fullerton,Marquette,0.49,Marquette,
Davidson,Marquette,0.36,Marquette,
Delaware,Marquette,0.51,Delaware,
Duke,Marquette,0.34,Marquette,
Georgia St,Marquette,0.38,Marquette,
Gonzaga,Marquette,0.47,Marquette,
Houston,Marquette,0.47,Marquette,
Illinois,Marquette,0.36,Marquette,
Indiana,Marquette,0.36,Marquette,
Iowa,Marquette,0.42,Marquette,
Iowa St,Marquette,0.3,Marquette,
Jacksonville St,Marquette,0.45,Marquette,
Kansas,Marquette,0.34,Marquette,
Kentucky,Marquette,0.48,Marquette,
Longwood,Marquette,0.5,Longwood,
Loyola-Chicago,Marquette,0.41,Marquette,
LSU,Marquette,0.53,LSU,
Akron,Memphis,0.63,Akron,
Alabama,Memphis,0.59,Alabama,
Arizona,Memphis,0.55,Arizona,
Arkansas,Memphis,0.45,Memphis,
Auburn,Memphis,0.59,Auburn,
Baylor,Memphis,0.49,Memphis,
Boise St,Memphis,0.52,Boise St,Memphis
Bryant,Memphis,0.51,Bryant,
Chattanooga,Memphis,0.58,Chattanooga,
Colgate,Memphis,0.45,Memphis,
Colorado St,Memphis,0.46,Memphis,
Connecticut,Memphis,0.58,Connecticut,
Creighton,Memphis,0.38,Memphis,
CS Fullerton,Memphis,0.55,CS Fullerton,
Davidson,Memphis,0.38,Memphis,
Delaware,Memphis,0.55,Delaware,
Duke,Memphis,0.34,Memphis,
Georgia St,Memphis,0.54,Georgia St,
Gonzaga,Memphis,0.45,Memphis,Gonzaga
Houston,Memphis,0.42,Memphis,
Illinois,Memphis,0.41,Memphis,
Indiana,Memphis,0.35,Memphis,
Iowa,Memphis,0.43,Memphis,
Iowa St,Memphis,0.43,Memphis,
Jacksonville St,Memphis,0.48,Memphis,
Kansas,Memphis,0.36,Memphis,
Kentucky,Memphis,0.48,Memphis,
Longwood,Memphis,0.49,Memphis,
Loyola-Chicago,Memphis,0.41,Memphis,
LSU,Memphis,0.52,LSU,
Marquette,Memphis,0.47,Memphis,
Akron,Miami FL,0.58,Akron,
Alabama,Miami FL,0.52,Alabama,
Arizona,Miami FL,0.5,Arizona,
Arkansas,Miami FL,0.42,Miami FL,
Auburn,Miami FL,0.54,Auburn,Miami FL
Baylor,Miami FL,0.51,Baylor,
Boise St,Miami FL,0.49,Miami FL,
Bryant,Miami FL,0.41,Miami FL,
Chattanooga,Miami FL,0.57,Chattanooga,
Colgate,Miami FL,0.56,Colgate,
Colorado St,Miami FL,0.43,Miami FL,
Connecticut,Miami FL,0.55,Connecticut,
Creighton,Miami FL,0.42,Miami FL,
CS Fullerton,Miami FL,0.53,CS Fullerton,
Davidson,Miami FL,0.38,Miami FL,
Delaware,Miami FL,0.55,Delaware,
Duke,Miami FL,0.44,Miami FL,
Georgia St,Miami FL,0.49,Miami FL,
Gonzaga,Miami FL,0.61,Gonzaga,
Houston,Miami FL,0.55,Houston,
Illinois,Miami FL,0.41,Miami FL,
Indiana,Miami FL,0.37,Miami FL,
Iowa,Miami FL,0.42,Miami FL,
Iowa St,Miami FL,0.43,Miami FL,Miami FL
Jacksonville St,Miami FL,0.47,Miami FL,
Kansas,Miami FL,0.38,Miami FL,Kansas
Kentucky,Miami FL,0.53,Kentucky,
Longwood,Miami FL,0.47,Miami FL,
Loyola-Chicago,Miami FL,0.43,Miami FL,
LSU,Miami FL,0.51,LSU,
Marquette,Miami FL,0.56,Marquette,
Memphis,Miami FL,0.54,Memphis,
Akron,Michigan,0.5,Akron,
Alabama,Michigan,0.65,Alabama,
Arizona,Michigan,0.5,Arizona,
Arkansas,Michigan,0.49,Michigan,
Auburn,Michigan,0.63,Auburn,
Baylor,Michigan,0.49,Michigan,
Boise St,Michigan,0.39,Michigan,
Bryant,Michigan,0.46,Michigan,
Chattanooga,Michigan,0.53,Chattanooga,
Colgate,Michigan,0.58,Colgate,
Colorado St,Michigan,0.4,Michigan,Michigan
Connecticut,Michigan,0.51,Connecticut,
Creighton,Michigan,0.35,Michigan,
CS Fullerton,Michigan,0.48,Michigan,
Davidson,Michigan,0.29,Michigan,
Delaware,Michigan,0.48,Michigan,
Duke,Michigan,0.39,Michigan,
Georgia St,Michigan,0.44,Michigan,
Gonzaga,Michigan,0.55,Gonzaga,
Houston,Michigan,0.53,Houston,
Illinois,Michigan,0.45,Michigan,
Indiana,Michigan,0.35,Michigan,
Iowa,Michigan,0.43,Michigan,
Iowa St,Michigan,0.44,Michigan,
Jacksonville St,Michigan,0.44,Michigan,
Kansas,Michigan,0.37,Michigan,
Kentucky,Michigan,0.53,Kentucky,
Longwood,Michigan,0.45,Michigan,
Loyola-Chicago,Michigan,0.44,Michigan,
LSU,Michigan,0.4,Michigan,
Marquette,Michigan,0.55,Marquette,
Memphis,Michigan,0.57,Memphis,
Miami FL,Michigan,0.47,Michigan,
Akron,Michigan St,0.5,Akron,
Alabama,Michigan St,0.63,Alabama,
Arizona,Michigan St,0.41,Michigan St,
Arkansas,Michigan St,0.44,Michigan St,
Auburn,Michigan St,0.61,Auburn,
Baylor,Michigan St,0.43,Michigan St,
Boise St,Michigan St,0.35,Michigan St,
Bryant,Michigan St,0.38,Michigan St,
Chattanooga,Michigan St,0.46,Michigan St,
Colgate,Michigan St,0.43,Michigan St,
Colorado St,Michigan St,0.36,Michigan St,
Connecticut,Michigan St,0.43,Michigan St,
Creighton,Michigan St,0.25,Michigan St,
CS Fullerton,Michigan St,0.43,Michigan St,
Davidson,Michigan St,0.26,Michigan St,Michigan St
Delaware,Michigan St,0.45,Michigan St,
Duke,Michigan St,0.25,Michigan St,Duke
Georgia St,Michigan St,0.44,Michigan St,
Gonzaga,Michigan St,0.34,Michigan St,
Houston,Michigan St,0.48,Michigan St,
Illinois,Michigan St,0.32,Michigan St,
Indiana,Michigan St,0.31,Michigan St,
Iowa,Michigan St,0.35,Michigan St,
Iowa St,Michigan St,0.32,Michigan St,
Jacksonville St,Michigan St,0.42,Michigan St,
Kansas,Michigan St,0.26,Michigan St,
Kentucky,Michigan St,0.4,Michigan St,
Longwood,Michigan St,0.41,Michigan St,
Loyola-Chicago,Michigan St,0.38,Michigan St,
LSU,Michigan St,0.45,Michigan St,
Marquette,Michigan St,0.39,Michigan St,
Memphis,Michigan St,0.53,Memphis,
Miami FL,Michigan St,0.49,Michigan St,
Michigan,Michigan St,0.29,Michigan St,
Akron,Montana St,0.51,Akron,
Alabama,Montana St,0.45,Montana St,
Arizona,Montana St,0.35,Montana St,
Arkansas,Montana St,0.34,Montana St,
Auburn,Montana St,0.43,Montana St,
Baylor,Montana St,0.45,Montana St,
Boise St,Montana St,0.4,Montana St,
Bryant,Montana St,0.39,Montana St,
Chattanooga,Montana St,0.48,Montana St,
Colgate,Montana St,0.59,Colgate,
Colorado St,Montana St,0.46,Montana St,
Connecticut,Montana St,0.46,Montana St,
Creighton,Montana St,0.35,Montana St,
CS Fullerton,Montana St,0.4,Montana St,
Davidson,Montana St,0.4,Montana St,
Delaware,Montana St,0.49,Montana St,
Duke,Montana St,0.31,Montana St,
Georgia St,Montana St,0.48,Montana St,
Gonzaga,Montana St,0.42,Montana St,
Houston,Montana St,0.36,Montana St,
Illinois,Montana St,0.49,Montana St,
Indiana,Montana St,0.35,Montana St,
Iowa,Montana St,0.42,Montana St,
Iowa St,Montana St,0.46,Montana St,
Jacksonville St,Montana St,0.48,Montana St,
Kansas,Montana St,0.3,Montana St,
Kentucky,Montana St,0.36,Montana St,
Longwood,Montana St,0.36,Montana St,
Loyola-Chicago,Montana St,0.46,Montana St,
LSU,Montana St,0.41,Montana St,
Marquette,Montana St,0.52,Marquette,
Memphis,Montana St,0.39,Montana St,
Miami FL,Montana St,0.56,Miami FL,
Michigan,Montana St,0.43,Montana St,
Michigan St,Montana St,0.41,Montana St,
Akron,Murray St,0.57,Akron,
Alabama,Murray St,0.71,Alabama,
Arizona,Murray St,0.47,Murray St,
Arkansas,Murray St,0.48,Murray St,
Auburn,Murray St,0.62,Auburn,
Baylor,Murray St,0.46,Murray St,
Boise St,Murray St,0.49,Murray St,
Bryant,Murray St,0.4,Murray St,
Chattanooga,Murray St,0.5,Chattanooga,
Colgate,Murray St,0.53,Colgate,
Colorado St,Murray St,0.45,Murray St,
Connecticut,Murray St,0.54,Connecticut,
Creighton,Murray St,0.37,Murray St,
CS Fullerton,Murray St,0.5,CS Fullerton,
Davidson,Murray St,0.39,Murray St,
Delaware,Murray St,0.48,Murray St,
Duke,Murray St,0.36,Murray St,
Georgia St,Murray St,0.48,Murray St,
Gonzaga,Murray St,0.45,Murray St,
Houston,Murray St,0.41,Murray St,
Illinois,Murray St,0.44,Murray St,
Indiana,Murray St,0.37,Murray St,
Iowa,Murray St,0.43,Murray St,
Iowa St,Murray St,0.46,Murray St,
Jacksonville St,Murray St,0.48,Murray St,
Kansas,Murray St,0.35,Murray St,
Kentucky,Murray St,0.5,Kentucky,
Longwood,Murray St,0.48,Murray St,
Loyola-Chicago,Murray St,0.42,Murray St,
LSU,Murray St,0.56,LSU,
Marquette,Murray St,0.48,Murray St,
Memphis,Murray St,0.55,Memphis,
Miami FL,Murray St,0.54,Miami FL,
Michigan,Murray St,0.38,Murray St,
Michigan St,Murray St,0.4,Murray St,
Montana St,Murray St,0.49,Murray St,
Akron,New Mexico St,0.55,Akron,
Alabama,New Mexico St,0.68,Alabama,
Arizona,New Mexico St,0.52,Arizona,
Arkansas,New Mexico St,0.44,New Mexico St,Arkansas
Auburn,New Mexico St,0.61,Auburn,
Baylor,New Mexico St,0.48,New Mexico St,
Boise St,New Mexico St,0.47,New Mexico St,
Bryant,New Mexico St,0.48,New Mexico St,
Chattanooga,New Mexico St,0.6,Chattanooga,
Colgate,New Mexico St,0.63,Colgate,
Colorado St,New Mexico St,0.44,New Mexico St,
Connecticut,New Mexico St,0.47,New Mexico St,New Mexico St
Creighton,New Mexico St,0.42,New Mexico St,
CS Fullerton,New Mexico St,0.48,New Mexico St,
Davidson,New Mexico St,0.46,New Mexico St,
Delaware,New Mexico St,0.51,Delaware,
Duke,New Mexico St,0.4,New Mexico St,
Georgia St,New Mexico St,0.52,Georgia St,
Gonzaga,New Mexico St,0.4,New Mexico St,
Houston,New Mexico St,0.51,Houston,
Illinois,New Mexico St,0.47,New Mexico St,
Indiana,New Mexico St,0.38,New Mexico St,
Iowa,New Mexico St,0.42,New Mexico St,
Iowa St,New Mexico St,0.51,Iowa St,
Jacksonville St,New Mexico St,0.52,Jacksonville St,
Kansas,New Mexico St,0.36,New Mexico St,
Kentucky,New Mexico St,0.48,New Mexico St,
Longwood,New Mexico St,0.49,New Mexico St,
Loyola-Chicago,New Mexico St,0.56,Loyola-Chicago,
LSU,New Mexico St,0.58,LSU,
Marquette,New Mexico St,0.53,Marquette,
Memphis,New Mexico St,0.62,Memphis,
Miami FL,New Mexico St,0.55,Miami FL,
Michigan,New Mexico St,0.46,New Mexico St,
Michigan St,New Mexico St,0.45,New Mexico St,
Montana St,New Mexico St,0.43,New Mexico St,
Murray St,New Mexico St,0.34,New Mexico St,
Akron,Norfolk St,0.51,Akron,
Alabama,Norfolk St,0.64,Alabama,
Arizona,Norfolk St,0.31,Norfolk St,
Arkansas,Norfolk St,0.48,Norfolk St,
Auburn,Norfolk St,0.56,Auburn,
Baylor,Norfolk St,0.44,Norfolk St,Baylor
Boise St,Norfolk St,0.43,Norfolk St,
Bryant,Norfolk St,0.33,Norfolk St,
Chattanooga,Norfolk St,0.52,Chattanooga,
Colgate,Norfolk St,0.46,Norfolk St,
Colorado St,Norfolk St,0.39,Norfolk St,
Connecticut,Norfolk St,0.41,Norfolk St,
Creighton,Norfolk St,0.36,Norfolk St,
CS Fullerton,Norfolk St,0.44,Norfolk St,
Davidson,Norfolk St,0.39,Norfolk St,
Delaware,Norfolk St,0.4,Norfolk St,
Duke,Norfolk St,0.29,Norfolk St,
Georgia St,Norfolk St,0.41,Norfolk St,
Gonzaga,Norfolk St,0.34,Norfolk St,
Houston,Norfolk St,0.42,Norfolk St,
Illinois,Norfolk St,0.39,Norfolk St,
Indiana,Norfolk St,0.38,Norfolk St,
Iowa,Norfolk St,0.36,Norfolk St,
Iowa St,Norfolk St,0.47,Norfolk St,
Jacksonville St,Norfolk St,0.43,Norfolk St,
Kansas,Norfolk St,0.27,Norfolk St,
Kentucky,Norfolk St,0.43,Norfolk St,
Longwood,Norfolk St,0.45,Norfolk St,
Loyola-Chicago,Norfolk St,0.42,Norfolk St,
LSU,Norfolk St,0.54,LSU,
Marquette,Norfolk St,0.45,Norfolk St,
Memphis,Norfolk St,0.51,Memphis,
Miami FL,Norfolk St,0.58,Miami FL,
Michigan,Norfolk St,0.39,Norfolk St,
Michigan St,Norfolk St,0.41,Norfolk St,
Montana St,Norfolk St,0.4,Norfolk St,
Murray St,Norfolk St,0.37,Norfolk St,
New Mexico St,Norfolk St,0.27,Norfolk St,
Akron,North Carolina,0.51,Akron,
Alabama,North Carolina,0.68,Alabama,
Arizona,North Carolina,0.58,Arizona,
Arkansas,North Carolina,0.61,Arkansas,
Auburn,North Carolina,0.73,Auburn,
Baylor,North Carolina,0.49,North Carolina,North Carolina
Boise St,North Carolina,0.41,North Carolina,
Bryant,North Carolina,0.51,Bryant,
Chattanooga,North Carolina,0.56,Chattanooga,
Colgate,North Carolina,0.59,Colgate,
Colorado St,North Carolina,0.41,North Carolina,
Connecticut,North Carolina,0.5,Connecticut,
Creighton,North Carolina,0.36,North Carolina,
CS Fullerton,North Carolina,0.49,North Carolina,
Davidson,North Carolina,0.25,North Carolina,
Delaware,North Carolina,0.53,Delaware,
Duke,North Carolina,0.4,North Carolina,TBD
Georgia St,North Carolina,0.52,Georgia St,
Gonzaga,North Carolina,0.58,Gonzaga,
Houston,North Carolina,0.6,Houston,
Illinois,North Carolina,0.39,North Carolina,
Indiana,North Carolina,0.37,North Carolina,
Iowa,North Carolina,0.54,Iowa,
Iowa St,North Carolina,0.45,North Carolina,
Jacksonville St,North Carolina,0.43,North Carolina,
Kansas,North Carolina,0.32,North Carolina,
Kentucky,North Carolina,0.61,Kentucky,
Longwood,North Carolina,0.49,North Carolina,
Loyola-Chicago,North Carolina,0.38,North Carolina,
LSU,North Carolina,0.59,LSU,
Marquette,North Carolina,0.64,Marquette,North Carolina
Memphis,North Carolina,0.69,Memphis,
Miami FL,North Carolina,0.51,Miami FL,
Michigan,North Carolina,0.3,North Carolina,
Michigan St,North Carolina,0.41,North Carolina,
Montana St,North Carolina,0.48,North Carolina,
Murray St,North Carolina,0.37,North Carolina,
New Mexico St,North Carolina,0.35,North Carolina,
Norfolk St,North Carolina,0.36,North Carolina,
Akron,Notre Dame,0.53,Akron,
Alabama,Notre Dame,0.65,Alabama,Notre Dame
Arizona,Notre Dame,0.55,Arizona,
Arkansas,Notre Dame,0.49,Notre Dame,
Auburn,Notre Dame,0.6,Auburn,
Baylor,Notre Dame,0.56,Baylor,
Boise St,Notre Dame,0.47,Notre Dame,
Bryant,Notre Dame,0.44,Notre Dame,
Chattanooga,Notre Dame,0.54,Chattanooga,
Colgate,Notre Dame,0.59,Colgate,
Colorado St,Notre Dame,0.46,Notre Dame,
Connecticut,Notre Dame,0.53,Connecticut,
Creighton,Notre Dame,0.41,Notre Dame,
CS Fullerton,Notre Dame,0.46,Notre Dame,
Davidson,Notre Dame,0.42,Notre Dame,
Delaware,Notre Dame,0.56,Delaware,
Duke,Notre Dame,0.47,Notre Dame,
Georgia St,Notre Dame,0.54,Georgia St,
Gonzaga,Notre Dame,0.57,Gonzaga,
Houston,Notre Dame,0.56,Houston,
Illinois,Notre Dame,0.44,Notre Dame,
Indiana,Notre Dame,0.39,Notre Dame,
Iowa,Notre Dame,0.47,Notre Dame,
Iowa St,Notre Dame,0.43,Notre Dame,
Jacksonville St,Notre Dame,0.44,Notre Dame,
Kansas,Notre Dame,0.36,Notre Dame,
Kentucky,Notre Dame,0.56,Kentucky,
Longwood,Notre Dame,0.42,Notre Dame,
Loyola-Chicago,Notre Dame,0.51,Loyola-Chicago,
LSU,Notre Dame,0.48,Notre Dame,
Marquette,Notre Dame,0.58,Marquette,
Memphis,Notre Dame,0.51,Memphis,
Miami FL,Notre Dame,0.48,Notre Dame,
Michigan,Notre Dame,0.35,Notre Dame,
Michigan St,Notre Dame,0.42,Notre Dame,
Montana St,Notre Dame,0.46,Notre Dame,
Murray St,Notre Dame,0.34,Notre Dame,
New Mexico St,Notre Dame,0.39,Notre Dame,
Norfolk St,Notre Dame,0.39,Notre Dame,
North Carolina,Notre Dame,0.44,Notre Dame,
Akron,Ohio St,0.49,Ohio St,
Alabama,Ohio St,0.69,Alabama,
Arizona,Ohio St,0.58,Arizona,
Arkansas,Ohio St,0.47,Ohio St,
Auburn,Ohio St,0.64,Auburn,
Baylor,Ohio St,0.5,Baylor,
Boise St,Ohio St,0.43,Ohio St,
Bryant,Ohio St,0.51,Bryant,
Chattanooga,Ohio St,0.58,Chattanooga,
Colgate,Ohio St,0.6,Colgate,
Colorado St,Ohio St,0.51,Colorado St,
Connecticut,Ohio St,0.53,Connecticut,
Creighton,Ohio St,0.41,Ohio St,
CS Fullerton,Ohio St,0.52,CS Fullerton,
Davidson,Ohio St,0.34,Ohio St,
Delaware,Ohio St,0.56,Delaware,
Duke,Ohio St,0.41,Ohio St,
Georgia St,Ohio St,0.47,Ohio St,
Gonzaga,Ohio St,0.58,Gonzaga,
Houston,Ohio St,0.57,Houston,
Illinois,Ohio St,0.42,Ohio St,
Indiana,Ohio St,0.39,Ohio St,
Iowa,Ohio St,0.49,Ohio St,
Iowa St,Ohio St,0.43,Ohio St,
Jacksonville St,Ohio St,0.49,Ohio St,
Kansas,Ohio St,0.38,Ohio St,
Kentucky,Ohio St,0.55,Kentucky,
Longwood,Ohio St,0.53,Longwood,
Loyola-Chicago,Ohio St,0.59,Loyola-Chicago,Ohio St
LSU,Ohio St,0.48,Ohio St,
Marquette,Ohio St,0.58,Marquette,
Memphis,Ohio St,0.59,Memphis,
Miami FL,Ohio St,0.53,Miami FL,
Michigan,Ohio St,0.47,Ohio St,
Michigan St,Ohio St,0.42,Ohio St,
Montana St,Ohio St,0.48,Ohio St,
Murray St,Ohio St,0.44,Ohio St,
New Mexico St,Ohio St,0.44,Ohio St,
Norfolk St,Ohio St,0.38,Ohio St,
North Carolina,Ohio St,0.44,Ohio St,
Notre Dame,Ohio St,0.58,Notre Dame,
Akron,Providence,0.62,Akron,
Alabama,Providence,0.69,Alabama,
Arizona,Providence,0.63,Arizona,
Arkansas,Providence,0.55,Arkansas,
Auburn,Providence,0.7,Auburn,
Baylor,Providence,0.56,Baylor,
Boise St,Providence,0.59,Boise St,
Bryant,Providence,0.45,Providence,
Chattanooga,Providence,0.64,Chattanooga,
Colgate,Providence,0.55,Colgate,
Colorado St,Providence,0.54,Colorado St,
Connecticut,Providence,0.62,Connecticut,
Creighton,Providence,0.51,Creighton,
CS Fullerton,Providence,0.57,CS Fullerton,
Davidson,Providence,0.47,Providence,
Delaware,Providence,0.55,Delaware,
Duke,Providence,0.46,Providence,
Georgia St,Providence,0.55,Georgia St,
Gonzaga,Providence,0.63,Gonzaga,
Houston,Providence,0.61,Houston,
Illinois,Providence,0.48,Providence,
Indiana,Providence,0.49,Providence,
Iowa,Providence,0.41,Providence,
Iowa St,Providence,0.53,Iowa St,
Jacksonville St,Providence,0.55,Jacksonville St,
Kansas,Providence,0.42,Providence,Kansas
Kentucky,Providence,0.63,Kentucky,
Longwood,Providence,0.57,Longwood,
Loyola-Chicago,Providence,0.57,Loyola-Chicago,
LSU,Providence,0.58,LSU,
Marquette,Providence,0.52,Marquette,
Memphis,Providence,0.57,Memphis,
Miami FL,Providence,0.52,Miami FL,
Michigan,Providence,0.55,Michigan,
Michigan St,Providence,0.59,Michigan St,
Montana St,Providence,0.53,Montana St,
Murray St,Providence,0.51,Murray St,
New Mexico St,Providence,0.5,New Mexico St,
Norfolk St,Providence,0.46,Providence,
North Carolina,Providence,0.45,Providence,
Notre Dame,Providence,0.59,Notre Dame,
Ohio St,Providence,0.51,Ohio St,
Akron,Purdue,0.5,Akron,
Alabama,Purdue,0.66,Alabama,
Arizona,Purdue,0.43,Purdue,
Arkansas,Purdue,0.52,Arkansas,
Auburn,Purdue,0.58,Auburn,
Baylor,Purdue,0.44,Purdue,
Boise St,Purdue,0.34,Purdue,
Bryant,Purdue,0.44,Purdue,
Chattanooga,Purdue,0.48,Purdue,
Colgate,Purdue,0.55,Colgate,
Colorado St,Purdue,0.44,Purdue,
Connecticut,Purdue,0.42,Purdue,
Creighton,Purdue,0.35,Purdue,
CS Fullerton,Purdue,0.49,Purdue,
Davidson,Purdue,0.31,Purdue,
Delaware,Purdue,0.54,Delaware,
Duke,Purdue,0.35,Purdue,
Georgia St,Purdue,0.35,Purdue,
Gonzaga,Purdue,0.5,Gonzaga,
Houston,Purdue,0.51,Houston,
Illinois,Purdue,0.41,Purdue,
Indiana,Purdue,0.31,Purdue,
Iowa,Purdue,0.42,Purdue,
Iowa St,Purdue,0.38,Purdue,
Jacksonville St,Purdue,0.37,Purdue,
Kansas,Purdue,0.35,Purdue,
Kentucky,Purdue,0.44,Purdue,
Longwood,Purdue,0.4,Purdue,
Loyola-Chicago,Purdue,0.49,Purdue,
LSU,Purdue,0.49,Purdue,
Marquette,Purdue,0.52,Marquette,
Memphis,Purdue,0.56,Memphis,
Miami FL,Purdue,0.47,Purdue,
Michigan,Purdue,0.36,Purdue,
Michigan St,Purdue,0.4,Purdue,
Montana St,Purdue,0.5,Montana St,
Murray St,Purdue,0.31,Purdue,
New Mexico St,Purdue,0.31,Purdue,
Norfolk St,Purdue,0.34,Purdue,
North Carolina,Purdue,0.37,Purdue,
Notre Dame,Purdue,0.44,Purdue,
Ohio St,Purdue,0.35,Purdue,
Providence,Purdue,0.44,Purdue,
Akron,Richmond,0.57,Akron,
Alabama,Richmond,0.71,Alabama,
Arizona,Richmond,0.55,Arizona,
Arkansas,Richmond,0.55,Arkansas,
Auburn,Richmond,0.66,Auburn,
Baylor,Richmond,0.64,Baylor,
Boise St,Richmond,0.52,Boise St,
Bryant,Richmond,0.44,Richmond,
Chattanooga,Richmond,0.59,Chattanooga,
Colgate,Richmond,0.64,Colgate,
Colorado St,Richmond,0.56,Colorado St,
Connecticut,Richmond,0.54,Connecticut,
Creighton,Richmond,0.39,Richmond,
CS Fullerton,Richmond,0.54,CS Fullerton,
Davidson,Richmond,0.5,Davidson,
Delaware,Richmond,0.63,Delaware,
Duke,Richmond,0.47,Richmond,
Georgia St,Richmond,0.55,Georgia St,
Gonzaga,Richmond,0.62,Gonzaga,
Houston,Richmond,0.6,Houston,
Illinois,Richmond,0.56,Illinois,
Indiana,Richmond,0.4,Richmond,
Iowa,Richmond,0.55,Iowa,Richmond
Iowa St,Richmond,0.55,Iowa St,
Jacksonville St,Richmond,0.55,Jacksonville St,
Kansas,Richmond,0.37,Richmond,
Kentucky,Richmond,0.65,Kentucky,
Longwood,Richmond,0.5,Longwood,
Loyola-Chicago,Richmond,0.58,Loyola-Chicago,
LSU,Richmond,0.64,LSU,
Marquette,Richmond,0.7,Marquette,
Memphis,Richmond,0.61,Memphis,
Miami FL,Richmond,0.55,Miami FL,
Michigan,Richmond,0.46,Richmond,
Michigan St,Richmond,0.45,Richmond,
Montana St,Richmond,0.51,Montana St,
Murray St,Richmond,0.46,Richmond,
New Mexico St,Richmond,0.45,Richmond,
Norfolk St,Richmond,0.4,Richmond,
North Carolina,Richmond,0.5,North Carolina,
Notre Dame,Richmond,0.66,Notre Dame,
Ohio St,Richmond,0.5,Ohio St,
Providence,Richmond,0.52,Providence,Providence
Purdue,Richmond,0.4,Richmond,
Akron,Rutgers,0.48,Rutgers,
Alabama,Rutgers,0.64,Alabama,
Arizona,Rutgers,0.47,Rutgers,
Arkansas,Rutgers,0.53,Arkansas,
Auburn,Rutgers,0.68,Auburn,
Baylor,Rutgers,0.56,Baylor,
Boise St,Rutgers,0.47,Rutgers,
Bryant,Rutgers,0.45,Rutgers,
Chattanooga,Rutgers,0.59,Chattanooga,
Colgate,Rutgers,0.46,Rutgers,
Colorado St,Rutgers,0.46,Rutgers,
Connecticut,Rutgers,0.53,Connecticut,
Creighton,Rutgers,0.33,Rutgers,
CS Fullerton,Rutgers,0.51,CS Fullerton,
Davidson,Rutgers,0.37,Rutgers,
Delaware,Rutgers,0.55,Delaware,
Duke,Rutgers,0.39,Rutgers,
Georgia St,Rutgers,0.59,Georgia St,
Gonzaga,Rutgers,0.57,Gonzaga,
Houston,Rutgers,0.55,Houston,
Illinois,Rutgers,0.4,Rutgers,
Indiana,Rutgers,0.28,Rutgers,
Iowa,Rutgers,0.44,Rutgers,
Iowa St,Rutgers,0.43,Rutgers,
Jacksonville St,Rutgers,0.47,Rutgers,
Kansas,Rutgers,0.34,Rutgers,
Kentucky,Rutgers,0.53,Kentucky,
Longwood,Rutgers,0.54,Longwood,
Loyola-Chicago,Rutgers,0.39,Rutgers,
LSU,Rutgers,0.52,LSU,
Marquette,Rutgers,0.53,Marquette,
Memphis,Rutgers,0.58,Memphis,
Miami FL,Rutgers,0.52,Miami FL,
Michigan,Rutgers,0.34,Rutgers,
Michigan St,Rutgers,0.36,Rutgers,
Montana St,Rutgers,0.42,Rutgers,
Murray St,Rutgers,0.46,Rutgers,
New Mexico St,Rutgers,0.34,Rutgers,
Norfolk St,Rutgers,0.38,Rutgers,
North Carolina,Rutgers,0.42,Rutgers,
Notre Dame,Rutgers,0.49,Rutgers,Notre Dame
Ohio St,Rutgers,0.4,Rutgers,
Providence,Rutgers,0.42,Rutgers,
Purdue,Rutgers,0.34,Rutgers,
Richmond,Rutgers,0.51,Richmond,
Akron,S Dakota St,0.46,S Dakota St,
Alabama,S Dakota St,0.66,Alabama,
Arizona,S Dakota St,0.52,Arizona,
Arkansas,S Dakota St,0.58,Arkansas,
Auburn,S Dakota St,0.71,Auburn,
Baylor,S Dakota St,0.57,Baylor,
Boise St,S Dakota St,0.38,S Dakota St,
Bryant,S Dakota St,0.46,S Dakota St,
Chattanooga,S Dakota St,0.5,Chattanooga,
Colgate,S Dakota St,0.58,Colgate,
Colorado St,S Dakota St,0.39,S Dakota St,
Connecticut,S Dakota St,0.49,S Dakota St,
Creighton,S Dakota St,0.36,S Dakota St,
CS Fullerton,S Dakota St,0.4,S Dakota St,
Davidson,S Dakota St,0.31,S Dakota St,
Delaware,S Dakota St,0.51,Delaware,
Duke,S Dakota St,0.42,S Dakota St,
Georgia St,S Dakota St,0.46,S Dakota St,
Gonzaga,S Dakota St,0.54,Gonzaga,
Houston,S Dakota St,0.57,Houston,
Illinois,S Dakota St,0.43,S Dakota St,
Indiana,S Dakota St,0.35,S Dakota St,
Iowa,S Dakota St,0.5,Iowa,
Iowa St,S Dakota St,0.45,S Dakota St,
Jacksonville St,S Dakota St,0.44,S Dakota St,
Kansas,S Dakota St,0.32,S Dakota St,
Kentucky,S Dakota St,0.48,S Dakota St,
Longwood,S Dakota St,0.49,S Dakota St,
Loyola-Chicago,S Dakota St,0.38,S Dakota St,
LSU,S Dakota St,0.59,LSU,
Marquette,S Dakota St,0.57,Marquette,
Memphis,S Dakota St,0.7,Memphis,
Miami FL,S Dakota St,0.45,S Dakota St,
Michigan,S Dakota St,0.33,S Dakota St,
Michigan St,S Dakota St,0.4,S Dakota St,
Montana St,S Dakota St,0.47,S Dakota St,
Murray St,S Dakota St,0.47,S Dakota St,
New Mexico St,S Dakota St,0.41,S Dakota St,
Norfolk St,S Dakota St,0.37,S Dakota St,
North Carolina,S Dakota St,0.44,S Dakota St,
Notre Dame,S Dakota St,0.54,Notre Dame,
Ohio St,S Dakota St,0.37,S Dakota St,
Providence,S Dakota St,0.45,S Dakota St,Providence
Purdue,S Dakota St,0.33,S Dakota St,
Richmond,S Dakota St,0.45,S Dakota St,
Rutgers,S Dakota St,0.43,S Dakota St,
Akron,San Diego St,0.59,Akron,
Alabama,San Diego St,0.81,Alabama,
Arizona,San Diego St,0.63,Arizona,
Arkansas,San Diego St,0.58,Arkansas,
Auburn,San Diego St,0.68,Auburn,
Baylor,San Diego St,0.52,Baylor,
Boise St,San Diego St,0.53,Boise St,
Bryant,San Diego St,0.54,Bryant,
Chattanooga,San Diego St,0.56,Chattanooga,
Colgate,San Diego St,0.57,Colgate,
Colorado St,San Diego St,0.45,San Diego St,
Connecticut,San Diego St,0.6,Connecticut,
Creighton,San Diego St,0.5,Creighton,Creighton
CS Fullerton,San Diego St,0.55,CS Fullerton,
Davidson,San Diego St,0.4,San Diego St,
Delaware,San Diego St,0.57,Delaware,
Duke,San Diego St,0.41,San Diego St,
Georgia St,San Diego St,0.61,Georgia St,
Gonzaga,San Diego St,0.52,Gonzaga,
Houston,San Diego St,0.62,Houston,
Illinois,San Diego St,0.42,San Diego St,
Indiana,San Diego St,0.36,San Diego St,
Iowa,San Diego St,0.52,Iowa,
Iowa St,San Diego St,0.48,San Diego St,
Jacksonville St,San Diego St,0.61,Jacksonville St,
Kansas,San Diego St,0.42,San Diego St,
Kentucky,San Diego St,0.62,Kentucky,
Longwood,San Diego St,0.55,Longwood,
Loyola-Chicago,San Diego St,0.45,San Diego St,
LSU,San Diego St,0.56,LSU,
Marquette,San Diego St,0.54,Marquette,
Memphis,San Diego St,0.64,Memphis,
Miami FL,San Diego St,0.48,San Diego St,
Michigan,San Diego St,0.46,San Diego St,
Michigan St,San Diego St,0.47,San Diego St,
Montana St,San Diego St,0.47,San Diego St,
Murray St,San Diego St,0.5,Murray St,
New Mexico St,San Diego St,0.42,San Diego St,
Norfolk St,San Diego St,0.49,San Diego St,
North Carolina,San Diego St,0.44,San Diego St,
Notre Dame,San Diego St,0.6,Notre Dame,
Ohio St,San Diego St,0.42,San Diego St,
Providence,San Diego St,0.5,Providence,
Purdue,San Diego St,0.34,San Diego St,
Richmond,San Diego St,0.51,Richmond,
Rutgers,San Diego St,0.59,Rutgers,
S Dakota St,San Diego St,0.39,San Diego St,
Akron,San Francisco,0.43,San Francisco,
Alabama,San Francisco,0.7,Alabama,
Arizona,San Francisco,0.53,Arizona,
Arkansas,San Francisco,0.53,Arkansas,
Auburn,San Francisco,0.71,Auburn,
Baylor,San Francisco,0.47,San Francisco,
Boise St,San Francisco,0.37,San Francisco,
Bryant,San Francisco,0.44,San Francisco,
Chattanooga,San Francisco,0.48,San Francisco,
Colgate,San Francisco,0.45,San Francisco,
Colorado St,San Francisco,0.35,San Francisco,
Connecticut,San Francisco,0.49,San Francisco,
Creighton,San Francisco,0.33,San Francisco,
CS Fullerton,San Francisco,0.39,San Francisco,
Davidson,San Francisco,0.26,San Francisco,
Delaware,San Francisco,0.43,San Francisco,
Duke,San Francisco,0.33,San Francisco,
Georgia St,San Francisco,0.4,San Francisco,
Gonzaga,San Francisco,0.53,Gonzaga,
Houston,San Francisco,0.55,Houston,
Illinois,San Francisco,0.34,San Francisco,
Indiana,San Francisco,0.35,San Francisco,
Iowa,San Francisco,0.38,San Francisco,
Iowa St,San Francisco,0.37,San Francisco,
Jacksonville St,San Francisco,0.41,San Francisco,
Kansas,San Francisco,0.26,San Francisco,
Kentucky,San Francisco,0.4,San Francisco,
Longwood,San Francisco,0.48,San Francisco,
Loyola-Chicago,San Francisco,0.42,San Francisco,
LSU,San Francisco,0.52,LSU,
Marquette,San Francisco,0.6,Marquette,
Memphis,San Francisco,0.64,Memphis,
Miami FL,San Francisco,0.48,San Francisco,
Michigan,San Francisco,0.21,San Francisco,
Michigan St,San Francisco,0.34,San Francisco,
Montana St,San Francisco,0.46,San Francisco,
Murray St,San Francisco,0.41,San Francisco,Murray St
New Mexico St,San Francisco,0.35,San Francisco,
Norfolk St,San Francisco,0.32,San Francisco,
North Carolina,San Francisco,0.34,San Francisco,
Notre Dame,San Francisco,0.46,San Francisco,
Ohio St,San Francisco,0.33,San Francisco,
Providence,San Francisco,0.45,San Francisco,
Purdue,San Francisco,0.25,San Francisco,
Richmond,San Francisco,0.46,San Francisco,
Rutgers,San Francisco,0.4,San Francisco,
S Dakota St,San Francisco,0.44,San Francisco,
San Diego St,San Francisco,0.46,San Francisco,
Akron,Seton Hall,0.54,Akron,
Alabama,Seton Hall,0.71,Alabama,
Arizona,Seton Hall,0.57,Arizona,
Arkansas,Seton Hall,0.45,Seton Hall,
Auburn,Seton Hall,0.75,Auburn,
Baylor,Seton Hall,0.51,Baylor,
Boise St,Seton Hall,0.43,Seton Hall,
Bryant,Seton Hall,0.44,Seton Hall,
Chattanooga,Seton Hall,0.55,Chattanooga,
Colgate,Seton Hall,0.42,Seton Hall,
Colorado St,Seton Hall,0.45,Seton Hall,
Connecticut,Seton Hall,0.57,Connecticut,
Creighton,Seton Hall,0.35,Seton Hall,
CS Fullerton,Seton Hall,0.54,CS Fullerton,
Davidson,Seton Hall,0.31,Seton Hall,
Delaware,Seton Hall,0.54,Delaware,
Duke,Seton Hall,0.37,Seton Hall,
Georgia St,Seton Hall,0.56,Georgia St,
Gonzaga,Seton Hall,0.5,Gonzaga,
Houston,Seton Hall,0.6,Houston,
Illinois,Seton Hall,0.34,Seton Hall,
Indiana,Seton Hall,0.41,Seton Hall,
Iowa,Seton Hall,0.45,Seton Hall,
Iowa St,Seton Hall,0.44,Seton Hall,
Jacksonville St,Seton Hall,0.45,Seton Hall,
Kansas,Seton Hall,0.38,Seton Hall,
Kentucky,Seton Hall,0.57,Kentucky,
Longwood,Seton Hall,0.52,Longwood,
Loyola-Chicago,Seton Hall,0.45,Seton Hall,
LSU,Seton Hall,0.62,LSU,
Marquette,Seton Hall,0.55,Marquette,
Memphis,Seton Hall,0.66,Memphis,
Miami FL,Seton Hall,0.49,Seton Hall,
Michigan,Seton Hall,0.36,Seton Hall,
Michigan St,Seton Hall,0.38,Seton Hall,
Montana St,Seton Hall,0.47,Seton Hall,
Murray St,Seton Hall,0.47,Seton Hall,
New Mexico St,Seton Hall,0.37,Seton Hall,
Norfolk St,Seton Hall,0.37,Seton Hall,
North Carolina,Seton Hall,0.34,Seton Hall,
Notre Dame,Seton Hall,0.5,Notre Dame,
Ohio St,Seton Hall,0.37,Seton Hall,
Providence,Seton Hall,0.54,Providence,
Purdue,Seton Hall,0.32,Seton Hall,
Richmond,Seton Hall,0.49,Seton Hall,
Rutgers,Seton Hall,0.53,Rutgers,
S Dakota St,Seton Hall,0.5,S Dakota St,
San Diego St,Seton Hall,0.61,San Diego St,
San Francisco,Seton Hall,0.52,San Francisco,
Akron,St Mary's CA,0.56,Akron,
Alabama,St Mary's CA,0.7,Alabama,
Arizona,St Mary's CA,0.53,Arizona,
Arkansas,St Mary's CA,0.55,Arkansas,
Auburn,St Mary's CA,0.64,Auburn,
Baylor,St Mary's CA,0.52,Baylor,
Boise St,St Mary's CA,0.43,St Mary's CA,
Bryant,St Mary's CA,0.5,Bryant,
Chattanooga,St Mary's CA,0.54,Chattanooga,
Colgate,St Mary's CA,0.48,St Mary's CA,
Colorado St,St Mary's CA,0.41,St Mary's CA,
Connecticut,St Mary's CA,0.51,Connecticut,
Creighton,St Mary's CA,0.44,St Mary's CA,
CS Fullerton,St Mary's CA,0.48,St Mary's CA,
Davidson,St Mary's CA,0.37,St Mary's CA,
Delaware,St Mary's CA,0.5,Delaware,
Duke,St Mary's CA,0.37,St Mary's CA,
Georgia St,St Mary's CA,0.56,Georgia St,
Gonzaga,St Mary's CA,0.51,Gonzaga,
Houston,St Mary's CA,0.56,Houston,
Illinois,St Mary's CA,0.37,St Mary's CA,
Indiana,St Mary's CA,0.36,St Mary's CA,St Mary's CA
Iowa,St Mary's CA,0.42,St Mary's CA,
Iowa St,St Mary's CA,0.43,St Mary's CA,
Jacksonville St,St Mary's CA,0.53,Jacksonville St,
Kansas,St Mary's CA,0.3,St Mary's CA,
Kentucky,St Mary's CA,0.57,Kentucky,
Longwood,St Mary's CA,0.51,Longwood,
Loyola-Chicago,St Mary's CA,0.45,St Mary's CA,
LSU,St Mary's CA,0.53,LSU,
Marquette,St Mary's CA,0.5,Marquette,
Memphis,St Mary's CA,0.58,Memphis,
Miami FL,St Mary's CA,0.44,St Mary's CA,
Michigan,St Mary's CA,0.34,St Mary's CA,
Michigan St,St Mary's CA,0.42,St Mary's CA,
Montana St,St Mary's CA,0.52,Montana St,
Murray St,St Mary's CA,0.46,St Mary's CA,
New Mexico St,St Mary's CA,0.36,St Mary's CA,
Norfolk St,St Mary's CA,0.5,Norfolk St,
North Carolina,St Mary's CA,0.42,St Mary's CA,
Notre Dame,St Mary's CA,0.53,Notre Dame,
Ohio St,St Mary's CA,0.41,St Mary's CA,
Providence,St Mary's CA,0.48,St Mary's CA,
Purdue,St Mary's CA,0.34,St Mary's CA,
Richmond,St Mary's CA,0.47,St Mary's CA,
Rutgers,St Mary's CA,0.51,Rutgers,
S Dakota St,St Mary's CA,0.44,St Mary's CA,
San Diego St,St Mary's CA,0.57,San Diego St,
San Francisco,St Mary's CA,0.51,San Francisco,
Seton Hall,St Mary's CA,0.61,Seton Hall,
Akron,St Peter's,0.51,Akron,
Alabama,St Peter's,0.58,Alabama,
Arizona,St Peter's,0.41,St Peter's,
Arkansas,St Peter's,0.49,St Peter's,
Auburn,St Peter's,0.5,Auburn,
Baylor,St Peter's,0.53,Baylor,
Boise St,St Peter's,0.53,Boise St,
Bryant,St Peter's,0.47,St Peter's,
Chattanooga,St Peter's,0.62,Chattanooga,
Colgate,St Peter's,0.57,Colgate,
Colorado St,St Peter's,0.51,Colorado St,
Connecticut,St Peter's,0.56,Connecticut,
Creighton,St Peter's,0.44,St Peter's,
CS Fullerton,St Peter's,0.53,CS Fullerton,
Davidson,St Peter's,0.49,St Peter's,
Delaware,St Peter's,0.5,Delaware,
Duke,St Peter's,0.32,St Peter's,
Georgia St,St Peter's,0.58,Georgia St,
Gonzaga,St Peter's,0.37,St Peter's,
Houston,St Peter's,0.4,St Peter's,
Illinois,St Peter's,0.44,St Peter's,
Indiana,St Peter's,0.35,St Peter's,
Iowa,St Peter's,0.48,St Peter's,
Iowa St,St Peter's,0.49,St Peter's,
Jacksonville St,St Peter's,0.58,Jacksonville St,
Kansas,St Peter's,0.39,St Peter's,
Kentucky,St Peter's,0.49,St Peter's,St Peter's
Longwood,St Peter's,0.5,Longwood,
Loyola-Chicago,St Peter's,0.47,St Peter's,
LSU,St Peter's,0.48,St Peter's,
Marquette,St Peter's,0.55,Marquette,
Memphis,St Peter's,0.4,St Peter's,
Miami FL,St Peter's,0.71,Miami FL,
Michigan,St Peter's,0.47,St Peter's,
Michigan St,St Peter's,0.42,St Peter's,
Montana St,St Peter's,0.45,St Peter's,
Murray St,St Peter's,0.4,St Peter's,St Peter's
New Mexico St,St Peter's,0.38,St Peter's,
Norfolk St,St Peter's,0.39,St Peter's,
North Carolina,St Peter's,0.43,St Peter's,North Carolina
Notre Dame,St Peter's,0.64,Notre Dame,
Ohio St,St Peter's,0.4,St Peter's,
Providence,St Peter's,0.48,St Peter's,
Purdue,St Peter's,0.29,St Peter's,St Peter's
Richmond,St Peter's,0.65,Richmond,
Rutgers,St Peter's,0.56,Rutgers,
S Dakota St,St Peter's,0.43,St Peter's,
San Diego St,St Peter's,0.54,San Diego St,
San Francisco,St Peter's,0.54,San Francisco,
Seton Hall,St Peter's,0.41,St Peter's,
St Mary's CA,St Peter's,0.59,St Mary's CA,
Akron,TAM C. Christi,0.66,Akron,
Alabama,TAM C. Christi,0.57,Alabama,
Arizona,TAM C. Christi,0.51,Arizona,
Arkansas,TAM C. Christi,0.48,TAM C. Christi,
Auburn,TAM C. Christi,0.51,Auburn,
Baylor,TAM C. Christi,0.61,Baylor,
Boise St,TAM C. Christi,0.57,Boise St,
Bryant,TAM C. Christi,0.55,Bryant,
Chattanooga,TAM C. Christi,0.66,Chattanooga,
Colgate,TAM C. Christi,0.59,Colgate,
Colorado St,TAM C. Christi,0.62,Colorado St,
Connecticut,TAM C. Christi,0.62,Connecticut,
Creighton,TAM C. Christi,0.5,Creighton,
CS Fullerton,TAM C. Christi,0.59,CS Fullerton,
Davidson,TAM C. Christi,0.57,Davidson,
Delaware,TAM C. Christi,0.63,Delaware,
Duke,TAM C. Christi,0.44,TAM C. Christi,
Georgia St,TAM C. Christi,0.7,Georgia St,
Gonzaga,TAM C. Christi,0.56,Gonzaga,
Houston,TAM C. Christi,0.51,Houston,
Illinois,TAM C. Christi,0.62,Illinois,
Indiana,TAM C. Christi,0.47,TAM C. Christi,
Iowa,TAM C. Christi,0.57,Iowa,
Iowa St,TAM C. Christi,0.6,Iowa St,
Jacksonville St,TAM C. Christi,0.58,Jacksonville St,
Kansas,TAM C. Christi,0.47,TAM C. Christi,
Kentucky,TAM C. Christi,0.51,Kentucky,
Longwood,TAM C. Christi,0.5,Longwood,
Loyola-Chicago,TAM C. Christi,0.55,Loyola-Chicago,
LSU,TAM C. Christi,0.61,LSU,
Marquette,TAM C. Christi,0.64,Marquette,
Memphis,TAM C. Christi,0.52,Memphis,
Miami FL,TAM C. Christi,0.69,Miami FL,
Michigan,TAM C. Christi,0.48,TAM C. Christi,
Michigan St,TAM C. Christi,0.51,Michigan St,
Montana St,TAM C. Christi,0.45,TAM C. Christi,
Murray St,TAM C. Christi,0.58,Murray St,
New Mexico St,TAM C. Christi,0.5,New Mexico St,
Norfolk St,TAM C. Christi,0.55,Norfolk St,
North Carolina,TAM C. Christi,0.51,North Carolina,
Notre Dame,TAM C. Christi,0.62,Notre Dame,
Ohio St,TAM C. Christi,0.48,TAM C. Christi,
Providence,TAM C. Christi,0.52,Providence,
Purdue,TAM C. Christi,0.4,TAM C. Christi,
Richmond,TAM C. Christi,0.69,Richmond,
Rutgers,TAM C. Christi,0.63,Rutgers,
S Dakota St,TAM C. Christi,0.48,TAM C. Christi,
San Diego St,TAM C. Christi,0.61,San Diego St,
San Francisco,TAM C. Christi,0.61,San Francisco,
Seton Hall,TAM C. Christi,0.53,Seton Hall,
St Mary's CA,TAM C. Christi,0.71,St Mary's CA,
St Peter's,TAM C. Christi,0.56,St Peter's,
Akron,TCU,0.57,Akron,
Alabama,TCU,0.75,Alabama,
Arizona,TCU,0.44,TCU,Arizona
Arkansas,TCU,0.58,Arkansas,
Auburn,TCU,0.72,Auburn,
Baylor,TCU,0.56,Baylor,
Boise St,TCU,0.48,TCU,
Bryant,TCU,0.47,TCU,
Chattanooga,TCU,0.62,Chattanooga,
Colgate,TCU,0.48,TCU,
Colorado St,TCU,0.43,TCU,
Connecticut,TCU,0.52,Connecticut,
Creighton,TCU,0.38,TCU,
CS Fullerton,TCU,0.5,CS Fullerton,
Davidson,TCU,0.38,TCU,
Delaware,TCU,0.53,Delaware,
Duke,TCU,0.36,TCU,
Georgia St,TCU,0.63,Georgia St,
Gonzaga,TCU,0.43,TCU,
Houston,TCU,0.51,Houston,
Illinois,TCU,0.44,TCU,
Indiana,TCU,0.26,TCU,
Iowa,TCU,0.49,TCU,
Iowa St,TCU,0.51,Iowa St,
Jacksonville St,TCU,0.52,Jacksonville St,
Kansas,TCU,0.33,TCU,
Kentucky,TCU,0.53,Kentucky,
Longwood,TCU,0.57,Longwood,
Loyola-Chicago,TCU,0.5,Loyola-Chicago,
LSU,TCU,0.59,LSU,
Marquette,TCU,0.49,TCU,
Memphis,TCU,0.59,Memphis,
Miami FL,TCU,0.6,Miami FL,
Michigan,TCU,0.36,TCU,
Michigan St,TCU,0.38,TCU,
Montana St,TCU,0.46,TCU,
Murray St,TCU,0.43,TCU,
New Mexico St,TCU,0.29,TCU,
Norfolk St,TCU,0.36,TCU,
North Carolina,TCU,0.4,TCU,
Notre Dame,TCU,0.55,Notre Dame,
Ohio St,TCU,0.34,TCU,
Providence,TCU,0.49,TCU,
Purdue,TCU,0.27,TCU,
Richmond,TCU,0.56,Richmond,
Rutgers,TCU,0.52,Rutgers,
S Dakota St,TCU,0.45,TCU,
San Diego St,TCU,0.55,San Diego St,
San Francisco,TCU,0.52,San Francisco,
Seton Hall,TCU,0.52,Seton Hall,TCU
St Mary's CA,TCU,0.59,St Mary's CA,
St Peter's,TCU,0.44,TCU,
TAM C. Christi,TCU,0.49,TCU,
Akron,Tennessee,0.62,Akron,
Alabama,Tennessee,0.82,Alabama,
Arizona,Tennessee,0.53,Arizona,
Arkansas,Tennessee,0.53,Arkansas,
Auburn,Tennessee,0.75,Auburn,
Baylor,Tennessee,0.59,Baylor,
Boise St,Tennessee,0.51,Boise St,
Bryant,Tennessee,0.53,Bryant,
Chattanooga,Tennessee,0.6,Chattanooga,
Colgate,Tennessee,0.6,Colgate,
Colorado St,Tennessee,0.51,Colorado St,
Connecticut,Tennessee,0.62,Connecticut,
Creighton,Tennessee,0.4,Tennessee,
CS Fullerton,Tennessee,0.55,CS Fullerton,
Davidson,Tennessee,0.4,Tennessee,
Delaware,Tennessee,0.55,Delaware,
Duke,Tennessee,0.34,Tennessee,
Georgia St,Tennessee,0.56,Georgia St,
Gonzaga,Tennessee,0.5,Gonzaga,
Houston,Tennessee,0.59,Houston,
Illinois,Tennessee,0.52,Illinois,
Indiana,Tennessee,0.44,Tennessee,
Iowa,Tennessee,0.47,Tennessee,
Iowa St,Tennessee,0.5,Iowa St,
Jacksonville St,Tennessee,0.58,Jacksonville St,
Kansas,Tennessee,0.4,Tennessee,
Kentucky,Tennessee,0.58,Kentucky,
Longwood,Tennessee,0.55,Longwood,Tennessee
Loyola-Chicago,Tennessee,0.52,Loyola-Chicago,
LSU,Tennessee,0.6,LSU,
Marquette,Tennessee,0.61,Marquette,
Memphis,Tennessee,0.71,Memphis,
Miami FL,Tennessee,0.55,Miami FL,
Michigan,Tennessee,0.43,Tennessee,Michigan
Michigan St,Tennessee,0.5,Michigan St,
Montana St,Tennessee,0.47,Tennessee,
Murray St,Tennessee,0.49,Tennessee,
New Mexico St,Tennessee,0.42,Tennessee,
Norfolk St,Tennessee,0.42,Tennessee,
North Carolina,Tennessee,0.45,Tennessee,
Notre Dame,Tennessee,0.66,Notre Dame,
Ohio St,Tennessee,0.42,Tennessee,
Providence,Tennessee,0.59,Providence,
Purdue,Tennessee,0.27,Tennessee,
Richmond,Tennessee,0.55,Richmond,
Rutgers,Tennessee,0.56,Rutgers,
S Dakota St,Tennessee,0.54,S Dakota St,
San Diego St,Tennessee,0.56,San Diego St,
San Francisco,Tennessee,0.61,San Francisco,
Seton Hall,Tennessee,0.54,Seton Hall,
St Mary's CA,Tennessee,0.61,St Mary's CA,
St Peter's,Tennessee,0.46,Tennessee,
TAM C. Christi,Tennessee,0.5,TAM C. Christi,
TCU,Tennessee,0.63,TCU,
Akron,Texas,0.61,Akron,
Alabama,Texas,0.73,Alabama,
Arizona,Texas,0.58,Arizona,
Arkansas,Texas,0.51,Arkansas,
Auburn,Texas,0.65,Auburn,
Baylor,Texas,0.56,Baylor,
Boise St,Texas,0.51,Boise St,
Bryant,Texas,0.49,Texas,
Chattanooga,Texas,0.63,Chattanooga,
Colgate,Texas,0.53,Colgate,
Colorado St,Texas,0.5,Colorado St,
Connecticut,Texas,0.63,Connecticut,
Creighton,Texas,0.45,Texas,
CS Fullerton,Texas,0.59,CS Fullerton,
Davidson,Texas,0.34,Texas,
Delaware,Texas,0.57,Delaware,
Duke,Texas,0.38,Texas,
Georgia St,Texas,0.54,Georgia St,
Gonzaga,Texas,0.6,Gonzaga,
Houston,Texas,0.63,Houston,
Illinois,Texas,0.46,Texas,
Indiana,Texas,0.39,Texas,
Iowa,Texas,0.39,Texas,
Iowa St,Texas,0.46,Texas,
Jacksonville St,Texas,0.55,Jacksonville St,
Kansas,Texas,0.35,Texas,
Kentucky,Texas,0.62,Kentucky,
Longwood,Texas,0.59,Longwood,
Loyola-Chicago,Texas,0.51,Loyola-Chicago,
LSU,Texas,0.57,LSU,
Marquette,Texas,0.55,Marquette,
Memphis,Texas,0.59,Memphis,
Miami FL,Texas,0.55,Miami FL,
Michigan,Texas,0.43,Texas,
Michigan St,Texas,0.5,Michigan St,
Montana St,Texas,0.54,Montana St,
Murray St,Texas,0.52,Murray St,
New Mexico St,Texas,0.4,Texas,
Norfolk St,Texas,0.42,Texas,
North Carolina,Texas,0.37,Texas,
Notre Dame,Texas,0.57,Notre Dame,
Ohio St,Texas,0.49,Texas,
Providence,Texas,0.56,Providence,
Purdue,Texas,0.41,Texas,Purdue
Richmond,Texas,0.54,Richmond,
Rutgers,Texas,0.6,Rutgers,
S Dakota St,Texas,0.47,Texas,
San Diego St,Texas,0.62,San Diego St,
San Francisco,Texas,0.55,San Francisco,
Seton Hall,Texas,0.56,Seton Hall,
St Mary's CA,Texas,0.64,St Mary's CA,
St Peter's,Texas,0.46,Texas,
TAM C. Christi,Texas,0.48,Texas,
TCU,Texas,0.62,TCU,
Tennessee,Texas,0.43,Texas,
Akron,Texas Tech,0.56,Akron,
Alabama,Texas Tech,0.72,Alabama,
Arizona,Texas Tech,0.44,Texas Tech,
Arkansas,Texas Tech,0.48,Texas Tech,
Auburn,Texas Tech,0.66,Auburn,
Baylor,Texas Tech,0.52,Baylor,
Boise St,Texas Tech,0.45,Texas Tech,
Bryant,Texas Tech,0.43,Texas Tech,
Chattanooga,Texas Tech,0.54,Chattanooga,
Colgate,Texas Tech,0.48,Texas Tech,
Colorado St,Texas Tech,0.43,Texas Tech,
Connecticut,Texas Tech,0.49,Texas Tech,
Creighton,Texas Tech,0.4,Texas Tech,
CS Fullerton,Texas Tech,0.5,CS Fullerton,
Davidson,Texas Tech,0.35,Texas Tech,
Delaware,Texas Tech,0.45,Texas Tech,
Duke,Texas Tech,0.28,Texas Tech,Duke
Georgia St,Texas Tech,0.57,Georgia St,
Gonzaga,Texas Tech,0.4,Texas Tech,
Houston,Texas Tech,0.5,Houston,
Illinois,Texas Tech,0.42,Texas Tech,
Indiana,Texas Tech,0.31,Texas Tech,
Iowa,Texas Tech,0.45,Texas Tech,
Iowa St,Texas Tech,0.52,Iowa St,
Jacksonville St,Texas Tech,0.5,Jacksonville St,
Kansas,Texas Tech,0.33,Texas Tech,
Kentucky,Texas Tech,0.55,Kentucky,
Longwood,Texas Tech,0.47,Texas Tech,
Loyola-Chicago,Texas Tech,0.41,Texas Tech,
LSU,Texas Tech,0.56,LSU,
Marquette,Texas Tech,0.45,Texas Tech,
Memphis,Texas Tech,0.61,Memphis,
Miami FL,Texas Tech,0.63,Miami FL,
Michigan,Texas Tech,0.43,Texas Tech,
Michigan St,Texas Tech,0.38,Texas Tech,
Montana St,Texas Tech,0.44,Texas Tech,Texas Tech
Murray St,Texas Tech,0.44,Texas Tech,
New Mexico St,Texas Tech,0.29,Texas Tech,
Norfolk St,Texas Tech,0.33,Texas Tech,
North Carolina,Texas Tech,0.34,Texas Tech,
Notre Dame,Texas Tech,0.56,Notre Dame,Texas Tech
Ohio St,Texas Tech,0.32,Texas Tech,
Providence,Texas Tech,0.41,Texas Tech,
Purdue,Texas Tech,0.28,Texas Tech,
Richmond,Texas Tech,0.55,Richmond,
Rutgers,Texas Tech,0.5,Rutgers,
S Dakota St,Texas Tech,0.39,Texas Tech,
San Diego St,Texas Tech,0.55,San Diego St,
San Francisco,Texas Tech,0.44,Texas Tech,
Seton Hall,Texas Tech,0.47,Texas Tech,
St Mary's CA,Texas Tech,0.61,St Mary's CA,
St Peter's,Texas Tech,0.39,Texas Tech,
TAM C. Christi,Texas Tech,0.5,TAM C. Christi,
TCU,Texas Tech,0.57,TCU,
Tennessee,Texas Tech,0.36,Texas Tech,
Texas,Texas Tech,0.34,Texas Tech,
Akron,TX Southern,0.53,Akron,
Alabama,TX Southern,0.54,Alabama,
Arizona,TX Southern,0.35,TX Southern,
Arkansas,TX Southern,0.49,TX Southern,
Auburn,TX Southern,0.58,Auburn,
Baylor,TX Southern,0.48,TX Southern,
Boise St,TX Southern,0.55,Boise St,
Bryant,TX Southern,0.43,TX Southern,
Chattanooga,TX Southern,0.58,Chattanooga,
Colgate,TX Southern,0.51,Colgate,
Colorado St,TX Southern,0.49,TX Southern,
Connecticut,TX Southern,0.47,TX Southern,
Creighton,TX Southern,0.41,TX Southern,
CS Fullerton,TX Southern,0.5,CS Fullerton,
Davidson,TX Southern,0.48,TX Southern,
Delaware,TX Southern,0.5,Delaware,
Duke,TX Southern,0.31,TX Southern,
Georgia St,TX Southern,0.59,Georgia St,
Gonzaga,TX Southern,0.37,TX Southern,
Houston,TX Southern,0.43,TX Southern,
Illinois,TX Southern,0.46,TX Southern,
Indiana,TX Southern,0.36,TX Southern,
Iowa,TX Southern,0.44,TX Southern,
Iowa St,TX Southern,0.5,Iowa St,
Jacksonville St,TX Southern,0.49,TX Southern,
Kansas,TX Southern,0.42,TX Southern,Kansas
Kentucky,TX Southern,0.47,TX Southern,
Longwood,TX Southern,0.58,Longwood,
Loyola-Chicago,TX Southern,0.45,TX Southern,
LSU,TX Southern,0.54,LSU,
Marquette,TX Southern,0.45,TX Southern,
Memphis,TX Southern,0.54,Memphis,
Miami FL,TX Southern,0.62,Miami FL,
Michigan,TX Southern,0.44,TX Southern,
Michigan St,TX Southern,0.43,TX Southern,
Montana St,TX Southern,0.45,TX Southern,
Murray St,TX Southern,0.47,TX Southern,
New Mexico St,TX Southern,0.38,TX Southern,
Norfolk St,TX Southern,0.38,TX Southern,
North Carolina,TX Southern,0.42,TX Southern,
Notre Dame,TX Southern,0.63,Notre Dame,
Ohio St,TX Southern,0.41,TX Southern,
Providence,TX Southern,0.55,Providence,
Purdue,TX Southern,0.28,TX Southern,
Richmond,TX Southern,0.61,Richmond,
Rutgers,TX Southern,0.5,Rutgers,
S Dakota St,TX Southern,0.46,TX Southern,
San Diego St,TX Southern,0.53,San Diego St,
San Francisco,TX Southern,0.45,TX Southern,
Seton Hall,TX Southern,0.41,TX Southern,
St Mary's CA,TX Southern,0.59,St Mary's CA,
St Peter's,TX Southern,0.45,TX Southern,
TAM C. Christi,TX Southern,0.53,TAM C. Christi,TX Southern
TCU,TX Southern,0.53,TCU,
Tennessee,TX Southern,0.38,TX Southern,
Texas,TX Southern,0.42,TX Southern,
Texas Tech,TX Southern,0.47,TX Southern,
Akron,UAB,0.55,Akron,
Alabama,UAB,0.74,Alabama,
Arizona,UAB,0.56,Arizona,
Arkansas,UAB,0.58,Arkansas,
Auburn,UAB,0.71,Auburn,
Baylor,UAB,0.59,Baylor,
Boise St,UAB,0.48,UAB,
Bryant,UAB,0.55,Bryant,
Chattanooga,UAB,0.62,Chattanooga,
Colgate,UAB,0.56,Colgate,
Colorado St,UAB,0.49,UAB,
Connecticut,UAB,0.66,Connecticut,
Creighton,UAB,0.36,UAB,
CS Fullerton,UAB,0.52,CS Fullerton,
Davidson,UAB,0.32,UAB,
Delaware,UAB,0.61,Delaware,
Duke,UAB,0.44,UAB,
Georgia St,UAB,0.55,Georgia St,
Gonzaga,UAB,0.61,Gonzaga,
Houston,UAB,0.6,Houston,Houston
Illinois,UAB,0.49,UAB,
Indiana,UAB,0.4,UAB,
Iowa,UAB,0.52,Iowa,
Iowa St,UAB,0.48,UAB,
Jacksonville St,UAB,0.5,Jacksonville St,
Kansas,UAB,0.37,UAB,
Kentucky,UAB,0.55,Kentucky,
Longwood,UAB,0.6,Longwood,
Loyola-Chicago,UAB,0.51,Loyola-Chicago,
LSU,UAB,0.66,LSU,
Marquette,UAB,0.67,Marquette,
Memphis,UAB,0.68,Memphis,
Miami FL,UAB,0.55,Miami FL,
Michigan,UAB,0.4,UAB,
Michigan St,UAB,0.43,UAB,
Montana St,UAB,0.51,Montana St,
Murray St,UAB,0.53,Murray St,
New Mexico St,UAB,0.42,UAB,
Norfolk St,UAB,0.46,UAB,
North Carolina,UAB,0.49,UAB,
Notre Dame,UAB,0.55,Notre Dame,
Ohio St,UAB,0.43,UAB,
Providence,UAB,0.56,Providence,
Purdue,UAB,0.39,UAB,
Richmond,UAB,0.57,Richmond,
Rutgers,UAB,0.58,Rutgers,
S Dakota St,UAB,0.5,S Dakota St,
San Diego St,UAB,0.6,San Diego St,
San Francisco,UAB,0.6,San Francisco,
Seton Hall,UAB,0.6,Seton Hall,
St Mary's CA,UAB,0.59,St Mary's CA,
St Peter's,UAB,0.49,UAB,
TAM C. Christi,UAB,0.66,TAM C. Christi,
TCU,UAB,0.63,TCU,
Tennessee,UAB,0.52,Tennessee,
Texas,UAB,0.43,UAB,
Texas Tech,UAB,0.47,UAB,
TX Southern,UAB,0.44,UAB,
Akron,UCLA,0.58,Akron,UCLA
Alabama,UCLA,0.73,Alabama,
Arizona,UCLA,0.49,UCLA,
Arkansas,UCLA,0.56,Arkansas,
Auburn,UCLA,0.71,Auburn,
Baylor,UCLA,0.6,Baylor,
Boise St,UCLA,0.51,Boise St,
Bryant,UCLA,0.44,UCLA,
Chattanooga,UCLA,0.58,Chattanooga,
Colgate,UCLA,0.54,Colgate,
Colorado St,UCLA,0.47,UCLA,
Connecticut,UCLA,0.58,Connecticut,
Creighton,UCLA,0.4,UCLA,
CS Fullerton,UCLA,0.54,CS Fullerton,
Davidson,UCLA,0.33,UCLA,
Delaware,UCLA,0.52,Delaware,
Duke,UCLA,0.37,UCLA,
Georgia St,UCLA,0.56,Georgia St,
Gonzaga,UCLA,0.56,Gonzaga,
Houston,UCLA,0.61,Houston,
Illinois,UCLA,0.4,UCLA,
Indiana,UCLA,0.33,UCLA,
Iowa,UCLA,0.49,UCLA,
Iowa St,UCLA,0.48,UCLA,
Jacksonville St,UCLA,0.45,UCLA,
Kansas,UCLA,0.36,UCLA,
Kentucky,UCLA,0.6,Kentucky,
Longwood,UCLA,0.54,Longwood,
Loyola-Chicago,UCLA,0.44,UCLA,
LSU,UCLA,0.58,LSU,
Marquette,UCLA,0.61,Marquette,
Memphis,UCLA,0.7,Memphis,
Miami FL,UCLA,0.49,UCLA,
Michigan,UCLA,0.4,UCLA,
Michigan St,UCLA,0.39,UCLA,
Montana St,UCLA,0.54,Montana St,
Murray St,UCLA,0.51,Murray St,
New Mexico St,UCLA,0.44,UCLA,
Norfolk St,UCLA,0.42,UCLA,
North Carolina,UCLA,0.39,UCLA,North Carolina
Notre Dame,UCLA,0.54,Notre Dame,
Ohio St,UCLA,0.42,UCLA,
Providence,UCLA,0.55,Providence,
Purdue,UCLA,0.35,UCLA,
Richmond,UCLA,0.48,UCLA,
Rutgers,UCLA,0.55,Rutgers,
S Dakota St,UCLA,0.48,UCLA,
San Diego St,UCLA,0.65,San Diego St,
San Francisco,UCLA,0.62,San Francisco,
Seton Hall,UCLA,0.63,Seton Hall,
St Mary's CA,UCLA,0.62,St Mary's CA,UCLA
St Peter's,UCLA,0.54,St Peter's,
TAM C. Christi,UCLA,0.55,TAM C. Christi,
TCU,UCLA,0.59,TCU,
Tennessee,UCLA,0.52,Tennessee,
Texas,UCLA,0.45,UCLA,
Texas Tech,UCLA,0.45,UCLA,
TX Southern,UCLA,0.46,UCLA,
UAB,UCLA,0.55,UAB,
Akron,USC,0.51,Akron,
Alabama,USC,0.7,Alabama,
Arizona,USC,0.49,USC,
Arkansas,USC,0.5,Arkansas,
Auburn,USC,0.66,Auburn,
Baylor,USC,0.5,Baylor,
Boise St,USC,0.38,USC,
Bryant,USC,0.42,USC,
Chattanooga,USC,0.55,Chattanooga,
Colgate,USC,0.56,Colgate,
Colorado St,USC,0.45,USC,
Connecticut,USC,0.53,Connecticut,
Creighton,USC,0.33,USC,
CS Fullerton,USC,0.5,CS Fullerton,
Davidson,USC,0.29,USC,
Delaware,USC,0.54,Delaware,
Duke,USC,0.37,USC,
Georgia St,USC,0.46,USC,
Gonzaga,USC,0.55,Gonzaga,
Houston,USC,0.58,Houston,
Illinois,USC,0.42,USC,
Indiana,USC,0.33,USC,
Iowa,USC,0.42,USC,
Iowa St,USC,0.41,USC,
Jacksonville St,USC,0.44,USC,
Kansas,USC,0.31,USC,
Kentucky,USC,0.55,Kentucky,
Longwood,USC,0.46,USC,
Loyola-Chicago,USC,0.5,Loyola-Chicago,
LSU,USC,0.46,USC,
Marquette,USC,0.48,USC,
Memphis,USC,0.58,Memphis,
Miami FL,USC,0.52,Miami FL,Miami FL
Michigan,USC,0.34,USC,
Michigan St,USC,0.42,USC,
Montana St,USC,0.43,USC,
Murray St,USC,0.37,USC,
New Mexico St,USC,0.32,USC,
Norfolk St,USC,0.3,USC,
North Carolina,USC,0.39,USC,
Notre Dame,USC,0.51,Notre Dame,
Ohio St,USC,0.36,USC,
Providence,USC,0.47,USC,
Purdue,USC,0.28,USC,
Richmond,USC,0.55,Richmond,
Rutgers,USC,0.52,Rutgers,
S Dakota St,USC,0.41,USC,
San Diego St,USC,0.52,San Diego St,
San Francisco,USC,0.48,USC,
Seton Hall,USC,0.52,Seton Hall,
St Mary's CA,USC,0.55,St Mary's CA,
St Peter's,USC,0.43,USC,
TAM C. Christi,USC,0.37,USC,
TCU,USC,0.48,USC,
Tennessee,USC,0.44,USC,
Texas,USC,0.33,USC,
Texas Tech,USC,0.39,USC,
TX Southern,USC,0.35,USC,
UAB,USC,0.43,USC,
UCLA,USC,0.37,USC,
Akron,Vermont,0.57,Akron,
Alabama,Vermont,0.63,Alabama,
Arizona,Vermont,0.55,Arizona,
Arkansas,Vermont,0.52,Arkansas,Arkansas
Auburn,Vermont,0.6,Auburn,
Baylor,Vermont,0.56,Baylor,
Boise St,Vermont,0.52,Boise St,
Bryant,Vermont,0.42,Vermont,
Chattanooga,Vermont,0.57,Chattanooga,
Colgate,Vermont,0.59,Colgate,
Colorado St,Vermont,0.5,Colorado St,
Connecticut,Vermont,0.49,Vermont,
Creighton,Vermont,0.4,Vermont,
CS Fullerton,Vermont,0.49,Vermont,
Davidson,Vermont,0.44,Vermont,
Delaware,Vermont,0.62,Delaware,
Duke,Vermont,0.42,Vermont,
Georgia St,Vermont,0.53,Georgia St,
Gonzaga,Vermont,0.56,Gonzaga,
Houston,Vermont,0.54,Houston,
Illinois,Vermont,0.5,Illinois,
Indiana,Vermont,0.4,Vermont,
Iowa,Vermont,0.47,Vermont,
Iowa St,Vermont,0.47,Vermont,
Jacksonville St,Vermont,0.48,Vermont,
Kansas,Vermont,0.41,Vermont,
Kentucky,Vermont,0.56,Kentucky,
Longwood,Vermont,0.46,Vermont,
Loyola-Chicago,Vermont,0.52,Loyola-Chicago,
LSU,Vermont,0.55,LSU,
Marquette,Vermont,0.61,Marquette,
Memphis,Vermont,0.55,Memphis,
Miami FL,Vermont,0.47,Vermont,
Michigan,Vermont,0.35,Vermont,
Michigan St,Vermont,0.44,Vermont,
Montana St,Vermont,0.46,Vermont,
Murray St,Vermont,0.37,Vermont,
New Mexico St,Vermont,0.42,Vermont,
Norfolk St,Vermont,0.43,Vermont,
North Carolina,Vermont,0.51,North Carolina,
Notre Dame,Vermont,0.55,Notre Dame,
Ohio St,Vermont,0.48,Vermont,
Providence,Vermont,0.5,Providence,
Purdue,Vermont,0.33,Vermont,
Richmond,Vermont,0.5,Richmond,
Rutgers,Vermont,0.51,Rutgers,
S Dakota St,Vermont,0.5,S Dakota St,
San Diego St,Vermont,0.53,San Diego St,
San Francisco,Vermont,0.58,San Francisco,
Seton Hall,Vermont,0.52,Seton Hall,
St Mary's CA,Vermont,0.5,St Mary's CA,
St Peter's,Vermont,0.47,Vermont,
TAM C. Christi,Vermont,0.37,Vermont,
TCU,Vermont,0.52,TCU,
Tennessee,Vermont,0.44,Vermont,
Texas,Vermont,0.42,Vermont,
Texas Tech,Vermont,0.43,Vermont,
TX Southern,Vermont,0.45,Vermont,
UAB,Vermont,0.52,UAB,
UCLA,Vermont,0.38,Vermont,
USC,Vermont,0.4,Vermont,
Akron,Villanova,0.48,Villanova,
Alabama,Villanova,0.63,Alabama,
Arizona,Villanova,0.52,Arizona,
Arkansas,Villanova,0.5,Arkansas,
Auburn,Villanova,0.58,Auburn,
Baylor,Villanova,0.51,Baylor,
Boise St,Villanova,0.44,Villanova,
Bryant,Villanova,0.44,Villanova,
Chattanooga,Villanova,0.51,Chattanooga,
Colgate,Villanova,0.53,Colgate,
Colorado St,Villanova,0.41,Villanova,
Connecticut,Villanova,0.55,Connecticut,
Creighton,Villanova,0.44,Villanova,
CS Fullerton,Villanova,0.43,Villanova,
Davidson,Villanova,0.4,Villanova,
Delaware,Villanova,0.48,Villanova,Villanova
Duke,Villanova,0.39,Villanova,
Georgia St,Villanova,0.47,Villanova,
Gonzaga,Villanova,0.55,Gonzaga,
Houston,Villanova,0.54,Houston,Villanova
Illinois,Villanova,0.43,Villanova,
Indiana,Villanova,0.42,Villanova,
Iowa,Villanova,0.41,Villanova,
Iowa St,Villanova,0.47,Villanova,
Jacksonville St,Villanova,0.43,Villanova,
Kansas,Villanova,0.39,Villanova,TBD
Kentucky,Villanova,0.54,Kentucky,
Longwood,Villanova,0.45,Villanova,
Loyola-Chicago,Villanova,0.5,Loyola-Chicago,
LSU,Villanova,0.49,Villanova,
Marquette,Villanova,0.53,Marquette,
Memphis,Villanova,0.52,Memphis,
Miami FL,Villanova,0.44,Villanova,
Michigan,Villanova,0.45,Villanova,Villanova
Michigan St,Villanova,0.46,Villanova,
Montana St,Villanova,0.5,Montana St,
Murray St,Villanova,0.42,Villanova,
New Mexico St,Villanova,0.39,Villanova,
Norfolk St,Villanova,0.35,Villanova,
North Carolina,Villanova,0.41,Villanova,
Notre Dame,Villanova,0.49,Villanova,
Ohio St,Villanova,0.45,Villanova,Villanova
Providence,Villanova,0.48,Villanova,
Purdue,Villanova,0.39,Villanova,
Richmond,Villanova,0.48,Villanova,
Rutgers,Villanova,0.53,Rutgers,
S Dakota St,Villanova,0.47,Villanova,
San Diego St,Villanova,0.52,San Diego St,
San Francisco,Villanova,0.48,Villanova,
Seton Hall,Villanova,0.46,Villanova,
St Mary's CA,Villanova,0.53,St Mary's CA,
St Peter's,Villanova,0.4,Villanova,
TAM C. Christi,Villanova,0.34,Villanova,
TCU,Villanova,0.54,TCU,
Tennessee,Villanova,0.45,Villanova,
Texas,Villanova,0.37,Villanova,
Texas Tech,Villanova,0.42,Villanova,
TX Southern,Villanova,0.41,Villanova,
UAB,Villanova,0.49,Villanova,
UCLA,Villanova,0.36,Villanova,
USC,Villanova,0.39,Villanova,
Vermont,Villanova,0.53,Vermont,
Akron,Virginia Tech,0.57,Akron,
Alabama,Virginia Tech,0.58,Alabama,
Arizona,Virginia Tech,0.52,Arizona,
Arkansas,Virginia Tech,0.44,Virginia Tech,
Auburn,Virginia Tech,0.52,Auburn,
Baylor,Virginia Tech,0.48,Virginia Tech,
Boise St,Virginia Tech,0.47,Virginia Tech,
Bryant,Virginia Tech,0.47,Virginia Tech,
Chattanooga,Virginia Tech,0.61,Chattanooga,
Colgate,Virginia Tech,0.57,Colgate,
Colorado St,Virginia Tech,0.44,Virginia Tech,
Connecticut,Virginia Tech,0.46,Virginia Tech,
Creighton,Virginia Tech,0.46,Virginia Tech,
CS Fullerton,Virginia Tech,0.49,Virginia Tech,
Davidson,Virginia Tech,0.39,Virginia Tech,
Delaware,Virginia Tech,0.61,Delaware,
Duke,Virginia Tech,0.39,Virginia Tech,
Georgia St,Virginia Tech,0.54,Georgia St,
Gonzaga,Virginia Tech,0.53,Gonzaga,
Houston,Virginia Tech,0.53,Houston,
Illinois,Virginia Tech,0.43,Virginia Tech,
Indiana,Virginia Tech,0.36,Virginia Tech,
Iowa,Virginia Tech,0.4,Virginia Tech,
Iowa St,Virginia Tech,0.43,Virginia Tech,
Jacksonville St,Virginia Tech,0.49,Virginia Tech,
Kansas,Virginia Tech,0.36,Virginia Tech,
Kentucky,Virginia Tech,0.49,Virginia Tech,
Longwood,Virginia Tech,0.53,Longwood,
Loyola-Chicago,Virginia Tech,0.5,Loyola-Chicago,
LSU,Virginia Tech,0.44,Virginia Tech,
Marquette,Virginia Tech,0.55,Marquette,
Memphis,Virginia Tech,0.5,Memphis,
Miami FL,Virginia Tech,0.48,Virginia Tech,
Michigan,Virginia Tech,0.38,Virginia Tech,
Michigan St,Virginia Tech,0.43,Virginia Tech,
Montana St,Virginia Tech,0.53,Montana St,
Murray St,Virginia Tech,0.44,Virginia Tech,
New Mexico St,Virginia Tech,0.43,Virginia Tech,
Norfolk St,Virginia Tech,0.46,Virginia Tech,
North Carolina,Virginia Tech,0.4,Virginia Tech,
Notre Dame,Virginia Tech,0.55,Notre Dame,
Ohio St,Virginia Tech,0.46,Virginia Tech,
Providence,Virginia Tech,0.48,Virginia Tech,
Purdue,Virginia Tech,0.34,Virginia Tech,
Richmond,Virginia Tech,0.53,Richmond,
Rutgers,Virginia Tech,0.54,Rutgers,
S Dakota St,Virginia Tech,0.46,Virginia Tech,
San Diego St,Virginia Tech,0.56,San Diego St,
San Francisco,Virginia Tech,0.51,San Francisco,
Seton Hall,Virginia Tech,0.54,Seton Hall,
St Mary's CA,Virginia Tech,0.54,St Mary's CA,
St Peter's,Virginia Tech,0.51,St Peter's,
TAM C. Christi,Virginia Tech,0.37,Virginia Tech,
TCU,Virginia Tech,0.52,TCU,
Tennessee,Virginia Tech,0.42,Virginia Tech,
Texas,Virginia Tech,0.35,Virginia Tech,Texas
Texas Tech,Virginia Tech,0.47,Virginia Tech,
TX Southern,Virginia Tech,0.44,Virginia Tech,
UAB,Virginia Tech,0.48,Virginia Tech,
UCLA,Virginia Tech,0.37,Virginia Tech,
USC,Virginia Tech,0.36,Virginia Tech,
Vermont,Virginia Tech,0.57,Vermont,
Villanova,Virginia Tech,0.37,Virginia Tech,
Akron,Wisconsin,0.63,Akron,
Alabama,Wisconsin,0.79,Alabama,
Arizona,Wisconsin,0.63,Arizona,
Arkansas,Wisconsin,0.56,Arkansas,
Auburn,Wisconsin,0.72,Auburn,
Baylor,Wisconsin,0.65,Baylor,
Boise St,Wisconsin,0.58,Boise St,
Bryant,Wisconsin,0.5,Bryant,
Chattanooga,Wisconsin,0.64,Chattanooga,
Colgate,Wisconsin,0.61,Colgate,Wisconsin
Colorado St,Wisconsin,0.49,Wisconsin,
Connecticut,Wisconsin,0.66,Connecticut,
Creighton,Wisconsin,0.5,Creighton,
CS Fullerton,Wisconsin,0.54,CS Fullerton,
Davidson,Wisconsin,0.5,Davidson,
Delaware,Wisconsin,0.53,Delaware,
Duke,Wisconsin,0.48,Wisconsin,
Georgia St,Wisconsin,0.61,Georgia St,
Gonzaga,Wisconsin,0.64,Gonzaga,
Houston,Wisconsin,0.69,Houston,
Illinois,Wisconsin,0.57,Illinois,
Indiana,Wisconsin,0.54,Indiana,
Iowa,Wisconsin,0.59,Iowa,
Iowa St,Wisconsin,0.52,Iowa St,Iowa St
Jacksonville St,Wisconsin,0.52,Jacksonville St,
Kansas,Wisconsin,0.46,Wisconsin,
Kentucky,Wisconsin,0.7,Kentucky,
Longwood,Wisconsin,0.49,Wisconsin,
Loyola-Chicago,Wisconsin,0.57,Loyola-Chicago,
LSU,Wisconsin,0.57,LSU,
Marquette,Wisconsin,0.65,Marquette,
Memphis,Wisconsin,0.66,Memphis,
Miami FL,Wisconsin,0.53,Miami FL,
Michigan,Wisconsin,0.54,Michigan,
Michigan St,Wisconsin,0.6,Michigan St,
Montana St,Wisconsin,0.53,Montana St,
Murray St,Wisconsin,0.52,Murray St,
New Mexico St,Wisconsin,0.51,New Mexico St,
Norfolk St,Wisconsin,0.46,Wisconsin,
North Carolina,Wisconsin,0.49,Wisconsin,
Notre Dame,Wisconsin,0.65,Notre Dame,
Ohio St,Wisconsin,0.57,Ohio St,
Providence,Wisconsin,0.57,Providence,
Purdue,Wisconsin,0.49,Wisconsin,
Richmond,Wisconsin,0.56,Richmond,
Rutgers,Wisconsin,0.58,Rutgers,
S Dakota St,Wisconsin,0.52,S Dakota St,
San Diego St,Wisconsin,0.69,San Diego St,
San Francisco,Wisconsin,0.64,San Francisco,
Seton Hall,Wisconsin,0.63,Seton Hall,
St Mary's CA,Wisconsin,0.68,St Mary's CA,
St Peter's,Wisconsin,0.49,Wisconsin,
TAM C. Christi,Wisconsin,0.44,Wisconsin,
TCU,Wisconsin,0.62,TCU,
Tennessee,Wisconsin,0.53,Tennessee,
Texas,Wisconsin,0.45,Wisconsin,
Texas Tech,Wisconsin,0.48,Wisconsin,
TX Southern,Wisconsin,0.49,Wisconsin,
UAB,Wisconsin,0.6,UAB,
UCLA,Wisconsin,0.5,UCLA,
USC,Wisconsin,0.48,Wisconsin,
Vermont,Wisconsin,0.62,Vermont,
Villanova,Wisconsin,0.47,Wisconsin,
Virginia Tech,Wisconsin,0.56,Virginia Tech,
Akron,Wright St,0.57,Akron,
Alabama,Wright St,0.56,Alabama,
Arizona,Wright St,0.41,Wright St,Arizona
Arkansas,Wright St,0.46,Wright St,
Auburn,Wright St,0.56,Auburn,
Baylor,Wright St,0.53,Baylor,
Boise St,Wright St,0.44,Wright St,
Bryant,Wright St,0.43,Wright St,Wright St
Chattanooga,Wright St,0.56,Chattanooga,
Colgate,Wright St,0.55,Colgate,
Colorado St,Wright St,0.46,Wright St,
Connecticut,Wright St,0.51,Connecticut,
Creighton,Wright St,0.39,Wright St,
CS Fullerton,Wright St,0.53,CS Fullerton,
Davidson,Wright St,0.5,Davidson,
Delaware,Wright St,0.49,Wright St,
Duke,Wright St,0.34,Wright St,
Georgia St,Wright St,0.55,Georgia St,
Gonzaga,Wright St,0.46,Wright St,
Houston,Wright St,0.5,Houston,
Illinois,Wright St,0.48,Wright St,
Indiana,Wright St,0.36,Wright St,
Iowa,Wright St,0.47,Wright St,
Iowa St,Wright St,0.48,Wright St,
Jacksonville St,Wright St,0.43,Wright St,
Kansas,Wright St,0.38,Wright St,
Kentucky,Wright St,0.43,Wright St,
Longwood,Wright St,0.46,Wright St,
Loyola-Chicago,Wright St,0.43,Wright St,
LSU,Wright St,0.51,LSU,
Marquette,Wright St,0.54,Marquette,
Memphis,Wright St,0.57,Memphis,
Miami FL,Wright St,0.57,Miami FL,
Michigan,Wright St,0.4,Wright St,
Michigan St,Wright St,0.42,Wright St,
Montana St,Wright St,0.47,Wright St,
Murray St,Wright St,0.41,Wright St,
New Mexico St,Wright St,0.39,Wright St,
Norfolk St,Wright St,0.42,Wright St,
North Carolina,Wright St,0.44,Wright St,
Notre Dame,Wright St,0.56,Notre Dame,
Ohio St,Wright St,0.43,Wright St,
Providence,Wright St,0.52,Providence,
Purdue,Wright St,0.34,Wright St,
Richmond,Wright St,0.57,Richmond,
Rutgers,Wright St,0.48,Wright St,
S Dakota St,Wright St,0.45,Wright St,
San Diego St,Wright St,0.56,San Diego St,
San Francisco,Wright St,0.5,San Francisco,
Seton Hall,Wright St,0.49,Wright St,
St Mary's CA,Wright St,0.57,St Mary's CA,
St Peter's,Wright St,0.45,Wright St,
TAM C. Christi,Wright St,0.44,Wright St,
TCU,Wright St,0.49,Wright St,
Tennessee,Wright St,0.41,Wright St,
Texas,Wright St,0.37,Wright St,
Texas Tech,Wright St,0.42,Wright St,
TX Southern,Wright St,0.48,Wright St,
UAB,Wright St,0.48,Wright St,
UCLA,Wright St,0.42,Wright St,
USC,Wright St,0.37,Wright St,
Vermont,Wright St,0.64,Vermont,
Villanova,Wright St,0.42,Wright St,
Virginia Tech,Wright St,0.46,Wright St,
Wisconsin,Wright St,0.47,Wright St,
Akron,Wyoming,0.54,Akron,
Alabama,Wyoming,0.69,Alabama,
Arizona,Wyoming,0.57,Arizona,
Arkansas,Wyoming,0.53,Arkansas,
Auburn,Wyoming,0.67,Auburn,
Baylor,Wyoming,0.55,Baylor,
Boise St,Wyoming,0.5,Boise St,
Bryant,Wyoming,0.44,Wyoming,
Chattanooga,Wyoming,0.58,Chattanooga,
Colgate,Wyoming,0.61,Colgate,
Colorado St,Wyoming,0.43,Wyoming,
Connecticut,Wyoming,0.54,Connecticut,
Creighton,Wyoming,0.45,Wyoming,
CS Fullerton,Wyoming,0.42,Wyoming,
Davidson,Wyoming,0.4,Wyoming,
Delaware,Wyoming,0.48,Wyoming,
Duke,Wyoming,0.45,Wyoming,
Georgia St,Wyoming,0.52,Georgia St,
Gonzaga,Wyoming,0.59,Gonzaga,
Houston,Wyoming,0.63,Houston,
Illinois,Wyoming,0.47,Wyoming,
Indiana,Wyoming,0.43,Wyoming,Indiana
Iowa,Wyoming,0.46,Wyoming,
Iowa St,Wyoming,0.47,Wyoming,
Jacksonville St,Wyoming,0.48,Wyoming,
Kansas,Wyoming,0.41,Wyoming,
Kentucky,Wyoming,0.64,Kentucky,
Longwood,Wyoming,0.38,Wyoming,
Loyola-Chicago,Wyoming,0.5,Loyola-Chicago,
LSU,Wyoming,0.52,LSU,
Marquette,Wyoming,0.6,Marquette,
Memphis,Wyoming,0.54,Memphis,
Miami FL,Wyoming,0.46,Wyoming,
Michigan,Wyoming,0.45,Wyoming,
Michigan St,Wyoming,0.46,Wyoming,
Montana St,Wyoming,0.48,Wyoming,
Murray St,Wyoming,0.41,Wyoming,
New Mexico St,Wyoming,0.35,Wyoming,
Norfolk St,Wyoming,0.37,Wyoming,
North Carolina,Wyoming,0.43,Wyoming,
Notre Dame,Wyoming,0.5,Notre Dame,
Ohio St,Wyoming,0.44,Wyoming,
Providence,Wyoming,0.5,Providence,
Purdue,Wyoming,0.33,Wyoming,
Richmond,Wyoming,0.52,Richmond,
Rutgers,Wyoming,0.55,Rutgers,
S Dakota St,Wyoming,0.44,Wyoming,
San Diego St,Wyoming,0.58,San Diego St,
San Francisco,Wyoming,0.57,San Francisco,
Seton Hall,Wyoming,0.53,Seton Hall,
St Mary's CA,Wyoming,0.59,St Mary's CA,
St Peter's,Wyoming,0.48,Wyoming,
TAM C. Christi,Wyoming,0.33,Wyoming,
TCU,Wyoming,0.54,TCU,
Tennessee,Wyoming,0.47,Wyoming,
Texas,Wyoming,0.35,Wyoming,
Texas Tech,Wyoming,0.44,Wyoming,
TX Southern,Wyoming,0.42,Wyoming,
UAB,Wyoming,0.51,UAB,
UCLA,Wyoming,0.43,Wyoming,
USC,Wyoming,0.44,Wyoming,
Vermont,Wyoming,0.55,Vermont,
Villanova,Wyoming,0.46,Wyoming,
Virginia Tech,Wyoming,0.44,Wyoming,
Wisconsin,Wyoming,0.35,Wyoming,
Wright St,Wyoming,0.45,Wyoming,
Akron,Yale,0.54,Akron,
Alabama,Yale,0.6,Alabama,
Arizona,Yale,0.38,Yale,
Arkansas,Yale,0.47,Yale,
Auburn,Yale,0.58,Auburn,
Baylor,Yale,0.5,Baylor,
Boise St,Yale,0.48,Yale,
Bryant,Yale,0.41,Yale,
Chattanooga,Yale,0.51,Chattanooga,
Colgate,Yale,0.54,Colgate,
Colorado St,Yale,0.42,Yale,
Connecticut,Yale,0.51,Connecticut,
Creighton,Yale,0.4,Yale,
CS Fullerton,Yale,0.44,Yale,
Davidson,Yale,0.47,Yale,
Delaware,Yale,0.46,Yale,
Duke,Yale,0.35,Yale,
Georgia St,Yale,0.5,Georgia St,
Gonzaga,Yale,0.47,Yale,
Houston,Yale,0.5,Houston,
Illinois,Yale,0.48,Yale,
Indiana,Yale,0.43,Yale,
Iowa,Yale,0.43,Yale,
Iowa St,Yale,0.49,Yale,
Jacksonville St,Yale,0.53,Jacksonville St,
Kansas,Yale,0.31,Yale,
Kentucky,Yale,0.53,Kentucky,
Longwood,Yale,0.39,Yale,
Loyola-Chicago,Yale,0.51,Loyola-Chicago,
LSU,Yale,0.51,LSU,
Marquette,Yale,0.58,Marquette,
Memphis,Yale,0.56,Memphis,
Miami FL,Yale,0.59,Miami FL,
Michigan,Yale,0.44,Yale,
Michigan St,Yale,0.5,Michigan St,
Montana St,Yale,0.39,Yale,
Murray St,Yale,0.43,Yale,
New Mexico St,Yale,0.36,Yale,
Norfolk St,Yale,0.32,Yale,
North Carolina,Yale,0.42,Yale,
Notre Dame,Yale,0.59,Notre Dame,
Ohio St,Yale,0.43,Yale,
Providence,Yale,0.43,Yale,
Purdue,Yale,0.24,Yale,Purdue
Richmond,Yale,0.59,Richmond,
Rutgers,Yale,0.5,Rutgers,
S Dakota St,Yale,0.43,Yale,
San Diego St,Yale,0.55,San Diego St,
San Francisco,Yale,0.56,San Francisco,
Seton Hall,Yale,0.49,Yale,
St Mary's CA,Yale,0.56,St Mary's CA,
St Peter's,Yale,0.4,Yale,
TAM C. Christi,Yale,0.38,Yale,
TCU,Yale,0.54,TCU,
Tennessee,Yale,0.43,Yale,
Texas,Yale,0.33,Yale,
Texas Tech,Yale,0.47,Yale,
TX Southern,Yale,0.37,Yale,
UAB,Yale,0.5,UAB,
UCLA,Yale,0.4,Yale,
USC,Yale,0.39,Yale,
Vermont,Yale,0.63,Vermont,
Villanova,Yale,0.42,Yale,
Virginia Tech,Yale,0.51,Virginia Tech,
Wisconsin,Yale,0.45,Yale,
Wright St,Yale,0.39,Yale,
Wyoming,Yale,0.52,Wyoming,
