Season,Seed,TeamID,TeamName,Region
1985,1,1207,Georgetown,W
1986,4,1207,Georgetown,X
1987,1,1207,Georgetown,X
1988,8,1207,Georgetown,W
1989,1,1207,Georgetown,W
1990,3,1207,Georgetown,X
1991,8,1207,Georgetown,Z
1992,6,1207,Georgetown,X
1994,9,1207,Georgetown,Y
1995,6,1207,Georgetown,Z
1996,2,1207,Georgetown,W
1997,10,1207,Georgetown,Z
2001,10,1207,Georgetown,X
2006,7,1207,Georgetown,Y
2007,2,1207,Georgetown,W
2008,2,1207,Georgetown,X
2010,3,1207,Georgetown,Y
2011,6,1207,Georgetown,Z
2012,3,1207,Georgetown,X
2013,2,1207,Georgetown,X
2015,4,1207,Georgetown,X
2021,12,1207,Georgetown,W
1985,2,1210,Georgia Tech,W
1986,2,1210,Georgia Tech,Y
1987,7,1210,Georgia Tech,Y
1988,5,1210,Georgia Tech,W
1989,6,1210,Georgia Tech,Y
1990,4,1210,Georgia Tech,Y
1991,8,1210,Georgia Tech,Y
1992,7,1210,Georgia Tech,Y
1993,4,1210,Georgia Tech,Z
1996,3,1210,Georgia Tech,Y
2001,8,1210,Georgia Tech,X
2004,3,1210,Georgia Tech,Z
2005,5,1210,Georgia Tech,W
2007,10,1210,Georgia Tech,Y
2010,10,1210,Georgia Tech,Y
2021,9,1210,Georgia Tech,Y
1985,3,1228,Illinois,W
1986,4,1228,Illinois,Y
1987,3,1228,Illinois,X
1988,3,1228,Illinois,Y
1989,1,1228,Illinois,Y
1990,5,1228,Illinois,X
1993,6,1228,Illinois,Z
1994,8,1228,Illinois,Y
1995,11,1228,Illinois,W
1997,6,1228,Illinois,X
1998,5,1228,Illinois,X
2000,4,1228,Illinois,W
2001,1,1228,Illinois,Y
2002,4,1228,Illinois,X
2003,4,1228,Illinois,Z
2004,5,1228,Illinois,W
2005,1,1228,Illinois,X
2006,4,1228,Illinois,Z
2007,12,1228,Illinois,Z
2009,5,1228,Illinois,X
2011,9,1228,Illinois,Z
2013,7,1228,Illinois,W
2021,1,1228,Illinois,Y
2022,4,1228,Illinois,Z
1985,4,1260,Loyola-Chicago,W
2018,11,1260,Loyola-Chicago,Y
2021,8,1260,Loyola-Chicago,Y
2022,10,1260,Loyola-Chicago,Z
1985,5,1374,SMU,W
1988,7,1374,SMU,W
1993,10,1374,SMU,X
2015,6,1374,SMU,X
2017,6,1374,SMU,W
1985,6,1208,Georgia,W
1987,8,1208,Georgia,Z
1990,7,1208,Georgia,X
1991,11,1208,Georgia,X
1996,8,1208,Georgia,Z
1997,3,1208,Georgia,X
2001,8,1208,Georgia,W
2002,3,1208,Georgia,W
2008,14,1208,Georgia,Z
2011,10,1208,Georgia,W
2015,10,1208,Georgia,W
1985,7,1393,Syracuse,W
1986,2,1393,Syracuse,W
1987,2,1393,Syracuse,W
1988,3,1393,Syracuse,W
1989,2,1393,Syracuse,Y
1990,2,1393,Syracuse,Y
1991,2,1393,Syracuse,W
1992,6,1393,Syracuse,W
1994,4,1393,Syracuse,Z
1995,7,1393,Syracuse,Y
1996,4,1393,Syracuse,Z
1998,5,1393,Syracuse,Z
1999,8,1393,Syracuse,Y
2000,4,1393,Syracuse,Y
2001,5,1393,Syracuse,Y
2003,3,1393,Syracuse,W
2004,5,1393,Syracuse,X
2005,4,1393,Syracuse,Y
2006,5,1393,Syracuse,W
2009,3,1393,Syracuse,X
2010,1,1393,Syracuse,Z
2011,3,1393,Syracuse,W
2012,1,1393,Syracuse,W
2013,4,1393,Syracuse,W
2014,3,1393,Syracuse,X
2016,10,1393,Syracuse,X
2018,11,1393,Syracuse,X
2019,8,1393,Syracuse,X
2021,11,1393,Syracuse,Y
1985,8,1396,Temple,W
1986,9,1396,Temple,X
1987,2,1396,Temple,Y
1988,1,1396,Temple,W
1990,11,1396,Temple,W
1991,10,1396,Temple,W
1992,11,1396,Temple,Z
1993,7,1396,Temple,Z
1994,4,1396,Temple,W
1995,10,1396,Temple,X
1996,7,1396,Temple,Y
1997,9,1396,Temple,Y
1998,7,1396,Temple,X
1999,6,1396,Temple,W
2000,2,1396,Temple,W
2001,11,1396,Temple,Z
2008,12,1396,Temple,Y
2009,11,1396,Temple,X
2010,5,1396,Temple,W
2011,7,1396,Temple,X
2012,5,1396,Temple,X
2013,9,1396,Temple,W
2016,10,1396,Temple,Y
2019,11,1396,Temple,W
1985,9,1439,Virginia Tech,W
1986,7,1439,Virginia Tech,Y
1996,9,1439,Virginia Tech,X
2007,5,1439,Virginia Tech,Z
2017,9,1439,Virginia Tech,W
2018,8,1439,Virginia Tech,W
2019,4,1439,Virginia Tech,W
2021,10,1439,Virginia Tech,Z
2022,11,1439,Virginia Tech,W
1985,10,1177,DePaul,W
1986,12,1177,DePaul,W
1987,3,1177,DePaul,Y
1988,5,1177,DePaul,X
1989,12,1177,DePaul,X
1991,9,1177,DePaul,Y
1992,5,1177,DePaul,X
2000,9,1177,DePaul,W
2004,7,1177,DePaul,X
1985,11,1455,Wichita St,W
1987,11,1455,Wichita St,Y
1988,12,1455,Wichita St,X
2006,7,1455,Wichita St,Z
2012,5,1455,Wichita St,Y
2013,9,1455,Wichita St,Z
2014,1,1455,Wichita St,Y
2015,7,1455,Wichita St,Y
2016,11,1455,Wichita St,Y
2017,10,1455,Wichita St,Z
2018,4,1455,Wichita St,W
2021,11,1455,Wichita St,X
1985,12,1330,Old Dominion,W
1986,8,1330,Old Dominion,W
1992,15,1330,Old Dominion,W
1995,14,1330,Old Dominion,W
1997,14,1330,Old Dominion,W
2005,12,1330,Old Dominion,Y
2007,12,1330,Old Dominion,Y
2010,11,1330,Old Dominion,X
2011,9,1330,Old Dominion,Y
2019,14,1330,Old Dominion,Z
1985,13,1233,Iona,W
1998,12,1233,Iona,Z
2000,14,1233,Iona,Y
2001,14,1233,Iona,Y
2006,13,1233,Iona,W
2012,14,1233,Iona,Z
2013,15,1233,Iona,Z
2016,13,1233,Iona,X
2017,14,1233,Iona,Y
2018,15,1233,Iona,X
2019,16,1233,Iona,Y
2021,15,1233,Iona,W
1985,14,1318,Northeastern,W
1986,13,1318,Northeastern,W
1987,14,1318,Northeastern,W
1991,16,1318,Northeastern,W
2015,14,1318,Northeastern,Y
2019,13,1318,Northeastern,Y
1985,15,1273,Mercer,W
2014,14,1273,Mercer,Y
1985,16,1250,Lehigh,W
1988,16,1250,Lehigh,W
2004,16,1250,Lehigh,Z
2010,16,1250,Lehigh,Y
2012,15,1250,Lehigh,Y
1985,1,1385,St John's,X
1986,1,1385,St John's,Z
1987,6,1385,St John's,Y
1988,11,1385,St John's,Z
1990,6,1385,St John's,W
1991,4,1385,St John's,Y
1992,7,1385,St John's,Z
1993,5,1385,St John's,W
1998,7,1385,St John's,Y
1999,3,1385,St John's,Y
2000,2,1385,St John's,Z
2002,9,1385,St John's,W
2011,6,1385,St John's,Y
2015,9,1385,St John's,X
2019,11,1385,St John's,X
1985,2,1433,VCU,X
1996,12,1433,VCU,Y
2004,13,1433,VCU,Y
2007,11,1433,VCU,Z
2009,11,1433,VCU,W
2011,11,1433,VCU,Z
2012,12,1433,VCU,Y
2013,5,1433,VCU,X
2014,5,1433,VCU,X
2015,7,1433,VCU,Z
2016,10,1433,VCU,Z
2017,10,1433,VCU,X
2019,8,1433,VCU,W
2021,10,1433,VCU,X
1985,3,1301,NC State,X
1986,6,1301,NC State,X
1987,11,1301,NC State,W
1988,3,1301,NC State,X
1989,5,1301,NC State,W
1991,6,1301,NC State,W
2002,7,1301,NC State,W
2003,9,1301,NC State,W
2004,3,1301,NC State,X
2005,10,1301,NC State,Z
2006,10,1301,NC State,W
2012,11,1301,NC State,X
2013,8,1301,NC State,W
2014,12,1301,NC State,Y
2015,8,1301,NC State,W
2018,9,1301,NC State,X
1985,4,1424,UNLV,X
1986,4,1424,UNLV,Z
1987,1,1424,UNLV,Z
1988,4,1424,UNLV,Z
1989,4,1424,UNLV,X
1990,1,1424,UNLV,Z
1991,1,1424,UNLV,Z
1998,12,1424,UNLV,W
2000,10,1424,UNLV,X
2007,7,1424,UNLV,Y
2008,8,1424,UNLV,X
2010,8,1424,UNLV,Y
2011,8,1424,UNLV,Z
2012,6,1424,UNLV,Y
2013,5,1424,UNLV,W
1985,5,1449,Washington,X
1986,12,1449,Washington,X
1998,11,1449,Washington,W
1999,7,1449,Washington,X
2004,8,1449,Washington,Z
2005,1,1449,Washington,W
2006,5,1449,Washington,Z
2009,4,1449,Washington,Z
2010,11,1449,Washington,W
2011,7,1449,Washington,W
2019,9,1449,Washington,Y
1985,6,1409,Tulsa,X
1986,10,1409,Tulsa,W
1987,11,1409,Tulsa,Z
1994,12,1409,Tulsa,Y
1995,6,1409,Tulsa,W
1996,11,1409,Tulsa,X
1997,5,1409,Tulsa,Y
1999,9,1409,Tulsa,W
2000,7,1409,Tulsa,X
2002,12,1409,Tulsa,W
2003,13,1409,Tulsa,Y
2014,13,1409,Tulsa,X
2016,11,1409,Tulsa,W
1985,7,1104,Alabama,X
1986,5,1104,Alabama,Y
1987,2,1104,Alabama,X
1989,6,1104,Alabama,Z
1990,7,1104,Alabama,Z
1991,4,1104,Alabama,X
1992,5,1104,Alabama,Z
1994,9,1104,Alabama,X
1995,5,1104,Alabama,W
2002,2,1104,Alabama,Y
2003,10,1104,Alabama,Y
2004,8,1104,Alabama,X
2005,5,1104,Alabama,X
2006,10,1104,Alabama,X
2012,9,1104,Alabama,X
2018,9,1104,Alabama,W
2021,2,1104,Alabama,W
2022,6,1104,Alabama,X
1985,8,1234,Iowa,X
1986,11,1234,Iowa,X
1987,2,1234,Iowa,Z
1988,5,1234,Iowa,Z
1989,4,1234,Iowa,W
1991,7,1234,Iowa,Y
1992,9,1234,Iowa,W
1993,4,1234,Iowa,Y
1996,6,1234,Iowa,Z
1997,8,1234,Iowa,Z
1999,5,1234,Iowa,Z
2001,7,1234,Iowa,W
2005,10,1234,Iowa,Y
2006,3,1234,Iowa,W
2014,11,1234,Iowa,Y
2015,7,1234,Iowa,X
2016,7,1234,Iowa,Y
2019,10,1234,Iowa,Z
2021,2,1234,Iowa,X
2022,5,1234,Iowa,Y
1985,9,1116,Arkansas,X
1988,11,1116,Arkansas,Y
1989,5,1116,Arkansas,Y
1990,4,1116,Arkansas,X
1991,1,1116,Arkansas,X
1992,3,1116,Arkansas,Y
1993,4,1116,Arkansas,W
1994,1,1116,Arkansas,Y
1995,2,1116,Arkansas,Y
1996,12,1116,Arkansas,W
1998,6,1116,Arkansas,X
1999,4,1116,Arkansas,Z
2000,11,1116,Arkansas,X
2001,7,1116,Arkansas,X
2006,8,1116,Arkansas,X
2007,12,1116,Arkansas,W
2008,9,1116,Arkansas,W
2015,5,1116,Arkansas,Z
2017,8,1116,Arkansas,Z
2018,7,1116,Arkansas,W
2021,3,1116,Arkansas,Z
2022,4,1116,Arkansas,X
1985,10,1112,Arizona,X
1986,9,1112,Arizona,Z
1987,10,1112,Arizona,Z
1988,1,1112,Arizona,Z
1989,1,1112,Arizona,X
1990,2,1112,Arizona,Z
1991,2,1112,Arizona,Z
1992,3,1112,Arizona,Z
1993,2,1112,Arizona,Z
1994,2,1112,Arizona,Z
1995,5,1112,Arizona,Y
1996,3,1112,Arizona,Z
1997,4,1112,Arizona,X
1998,1,1112,Arizona,X
1999,4,1112,Arizona,X
2000,1,1112,Arizona,Z
2001,2,1112,Arizona,Y
2002,3,1112,Arizona,Z
2003,1,1112,Arizona,Z
2004,9,1112,Arizona,W
2005,3,1112,Arizona,X
2006,8,1112,Arizona,Y
2007,8,1112,Arizona,Y
2008,10,1112,Arizona,Z
2009,12,1112,Arizona,Y
2011,5,1112,Arizona,X
2013,6,1112,Arizona,Z
2014,1,1112,Arizona,Z
2015,2,1112,Arizona,Z
2016,6,1112,Arizona,Y
2017,2,1112,Arizona,X
2018,4,1112,Arizona,Y
2022,1,1112,Arizona,Z
1985,11,1431,UTEP,X
1986,10,1431,UTEP,Z
1987,7,1431,UTEP,Z
1988,9,1431,UTEP,Z
1989,7,1431,UTEP,X
1990,11,1431,UTEP,Y
1992,9,1431,UTEP,Y
2004,13,1431,UTEP,X
2005,11,1431,UTEP,Y
2010,12,1431,UTEP,Z
1985,12,1246,Kentucky,X
1986,1,1246,Kentucky,Y
1987,8,1246,Kentucky,X
1988,2,1246,Kentucky,Y
1992,2,1246,Kentucky,W
1993,1,1246,Kentucky,Y
1994,3,1246,Kentucky,X
1995,1,1246,Kentucky,Z
1996,1,1246,Kentucky,X
1997,1,1246,Kentucky,Z
1998,2,1246,Kentucky,Z
1999,3,1246,Kentucky,X
2000,5,1246,Kentucky,Y
2001,2,1246,Kentucky,W
2002,4,1246,Kentucky,W
2003,1,1246,Kentucky,Y
2004,1,1246,Kentucky,Z
2005,2,1246,Kentucky,Y
2006,8,1246,Kentucky,Z
2007,8,1246,Kentucky,Z
2008,11,1246,Kentucky,Y
2010,1,1246,Kentucky,W
2011,4,1246,Kentucky,W
2012,1,1246,Kentucky,Y
2014,8,1246,Kentucky,Y
2015,1,1246,Kentucky,Y
2016,4,1246,Kentucky,W
2017,2,1246,Kentucky,Z
2018,5,1246,Kentucky,Y
2019,2,1246,Kentucky,Y
2022,2,1246,Kentucky,W
1985,13,1361,San Diego St,X
2002,13,1361,San Diego St,X
2006,11,1361,San Diego St,X
2010,11,1361,San Diego St,Y
2011,2,1361,San Diego St,X
2012,6,1361,San Diego St,X
2013,7,1361,San Diego St,X
2014,4,1361,San Diego St,Z
2015,8,1361,San Diego St,X
2018,11,1361,San Diego St,Z
2021,6,1361,San Diego St,Y
2022,8,1361,San Diego St,Y
1985,14,1305,Nevada,X
2004,10,1305,Nevada,Z
2005,9,1305,Nevada,X
2006,5,1305,Nevada,Y
2007,7,1305,Nevada,X
2017,12,1305,Nevada,Y
2018,7,1305,Nevada,Y
2019,7,1305,Nevada,X
1985,15,1267,Marshall,X
1987,13,1267,Marshall,W
2018,13,1267,Marshall,W
1985,16,1380,Southern Univ,X
1987,15,1380,Southern Univ,Y
1988,15,1380,Southern Univ,Y
1989,15,1380,Southern Univ,Z
1993,13,1380,Southern Univ,Z
2006,16,1380,Southern Univ,W
2013,16,1380,Southern Univ,Z
2016,16,1380,Southern Univ,Z
1985,1,1328,Oklahoma,Y
1986,4,1328,Oklahoma,W
1987,6,1328,Oklahoma,Z
1988,1,1328,Oklahoma,Y
1989,1,1328,Oklahoma,Z
1990,1,1328,Oklahoma,X
1992,4,1328,Oklahoma,X
1995,4,1328,Oklahoma,Z
1996,10,1328,Oklahoma,Y
1997,11,1328,Oklahoma,Z
1998,10,1328,Oklahoma,W
1999,13,1328,Oklahoma,X
2000,3,1328,Oklahoma,Z
2001,4,1328,Oklahoma,Z
2002,2,1328,Oklahoma,Z
2003,1,1328,Oklahoma,W
2005,3,1328,Oklahoma,Y
2006,6,1328,Oklahoma,Y
2008,6,1328,Oklahoma,W
2009,2,1328,Oklahoma,X
2013,10,1328,Oklahoma,X
2014,5,1328,Oklahoma,Z
2015,3,1328,Oklahoma,W
2016,2,1328,Oklahoma,Z
2018,10,1328,Oklahoma,X
2019,9,1328,Oklahoma,Z
2021,8,1328,Oklahoma,X
1985,2,1272,Memphis,Y
1986,3,1272,Memphis,Y
1988,9,1272,Memphis,X
1989,5,1272,Memphis,X
1992,6,1272,Memphis,Y
1993,10,1272,Memphis,Y
1995,6,1272,Memphis,Y
1996,5,1272,Memphis,Z
2003,7,1272,Memphis,Z
2004,7,1272,Memphis,Y
2006,1,1272,Memphis,X
2007,2,1272,Memphis,X
2008,1,1272,Memphis,Y
2009,2,1272,Memphis,Z
2011,12,1272,Memphis,X
2012,8,1272,Memphis,Z
2013,6,1272,Memphis,Y
2014,8,1272,Memphis,W
2022,9,1272,Memphis,X
1985,3,1181,Duke,Y
1986,1,1181,Duke,W
1987,5,1181,Duke,Y
1988,2,1181,Duke,W
1989,2,1181,Duke,W
1990,3,1181,Duke,W
1991,2,1181,Duke,Y
1992,1,1181,Duke,W
1993,3,1181,Duke,X
1994,2,1181,Duke,X
1996,8,1181,Duke,Y
1997,2,1181,Duke,X
1998,1,1181,Duke,Z
1999,1,1181,Duke,W
2000,1,1181,Duke,W
2001,1,1181,Duke,W
2002,1,1181,Duke,Y
2003,3,1181,Duke,Z
2004,1,1181,Duke,W
2005,1,1181,Duke,Y
2006,1,1181,Duke,W
2007,6,1181,Duke,Z
2008,2,1181,Duke,Z
2009,2,1181,Duke,W
2010,1,1181,Duke,X
2011,1,1181,Duke,X
2012,2,1181,Duke,Y
2013,2,1181,Duke,Y
2014,3,1181,Duke,Y
2015,1,1181,Duke,X
2016,4,1181,Duke,Z
2017,2,1181,Duke,W
2018,2,1181,Duke,X
2019,1,1181,Duke,W
2022,2,1181,Duke,X
1985,4,1326,Ohio St,Y
1987,9,1326,Ohio St,X
1990,8,1326,Ohio St,Z
1991,1,1326,Ohio St,Y
1992,1,1326,Ohio St,Z
1999,4,1326,Ohio St,Y
2000,3,1326,Ohio St,X
2001,5,1326,Ohio St,W
2002,4,1326,Ohio St,Z
2006,2,1326,Ohio St,Y
2007,1,1326,Ohio St,X
2009,8,1326,Ohio St,Y
2010,2,1326,Ohio St,Y
2011,1,1326,Ohio St,W
2012,2,1326,Ohio St,W
2013,2,1326,Ohio St,Z
2014,6,1326,Ohio St,X
2015,10,1326,Ohio St,Z
2018,5,1326,Ohio St,Z
2019,11,1326,Ohio St,Y
2021,2,1326,Ohio St,Z
2022,7,1326,Ohio St,Z
1985,5,1256,Louisiana Tech,Y
1987,14,1256,Louisiana Tech,Y
1989,9,1256,Louisiana Tech,Z
1991,12,1256,Louisiana Tech,X
1985,6,1403,Texas Tech,Y
1986,13,1403,Texas Tech,X
1993,12,1403,Texas Tech,W
1996,3,1403,Texas Tech,W
2002,6,1403,Texas Tech,W
2004,8,1403,Texas Tech,Y
2005,6,1403,Texas Tech,W
2007,10,1403,Texas Tech,W
2016,8,1403,Texas Tech,X
2018,3,1403,Texas Tech,W
2019,3,1403,Texas Tech,X
2021,6,1403,Texas Tech,Z
2022,3,1403,Texas Tech,X
1985,7,1412,UAB,Y
1986,6,1412,UAB,Z
1987,11,1412,UAB,X
1990,10,1412,UAB,W
1994,7,1412,UAB,W
1999,12,1412,UAB,Z
2004,9,1412,UAB,Z
2005,11,1412,UAB,X
2006,9,1412,UAB,Z
2011,12,1412,UAB,W
2015,14,1412,UAB,X
2022,12,1412,UAB,Z
1985,8,1425,USC,Y
1991,10,1425,USC,X
1992,2,1425,USC,Y
1997,11,1425,USC,X
2001,6,1425,USC,W
2002,4,1425,USC,Y
2007,5,1425,USC,W
2008,6,1425,USC,X
2009,10,1425,USC,Y
2011,11,1425,USC,Z
2016,8,1425,USC,W
2017,11,1425,USC,W
2021,6,1425,USC,X
2022,7,1425,USC,Y
1985,9,1229,Illinois St,Y
1990,14,1229,Illinois St,Z
1997,11,1229,Illinois St,Y
1998,9,1229,Illinois St,X
1985,10,1277,Michigan St,Y
1986,5,1277,Michigan St,X
1990,1,1277,Michigan St,Y
1991,5,1277,Michigan St,Z
1992,5,1277,Michigan St,Y
1994,7,1277,Michigan St,X
1995,3,1277,Michigan St,Z
1998,4,1277,Michigan St,W
1999,1,1277,Michigan St,X
2000,1,1277,Michigan St,Y
2001,1,1277,Michigan St,Z
2002,10,1277,Michigan St,W
2003,7,1277,Michigan St,X
2004,7,1277,Michigan St,Z
2005,5,1277,Michigan St,Y
2006,6,1277,Michigan St,Z
2007,9,1277,Michigan St,W
2008,5,1277,Michigan St,Y
2009,2,1277,Michigan St,Y
2010,5,1277,Michigan St,Y
2011,10,1277,Michigan St,Y
2012,1,1277,Michigan St,Z
2013,3,1277,Michigan St,Y
2014,4,1277,Michigan St,W
2015,7,1277,Michigan St,W
2016,2,1277,Michigan St,X
2017,9,1277,Michigan St,Y
2018,3,1277,Michigan St,X
2019,2,1277,Michigan St,W
2021,11,1277,Michigan St,W
2022,7,1277,Michigan St,X
1985,11,1130,Boston College,Y
1994,9,1130,Boston College,W
1996,11,1130,Boston College,Y
1997,5,1130,Boston College,Z
2001,3,1130,Boston College,W
2002,11,1130,Boston College,X
2004,6,1130,Boston College,Z
2005,4,1130,Boston College,X
2006,4,1130,Boston College,Y
2007,7,1130,Boston College,W
2009,7,1130,Boston College,Y
1985,12,1338,Pittsburgh,Y
1987,3,1338,Pittsburgh,Z
1988,2,1338,Pittsburgh,X
1989,8,1338,Pittsburgh,Y
1991,6,1338,Pittsburgh,X
1993,9,1338,Pittsburgh,Y
2002,3,1338,Pittsburgh,Y
2003,2,1338,Pittsburgh,Y
2004,3,1338,Pittsburgh,Y
2005,9,1338,Pittsburgh,W
2006,5,1338,Pittsburgh,X
2007,3,1338,Pittsburgh,Z
2008,4,1338,Pittsburgh,Y
2009,1,1338,Pittsburgh,W
2010,3,1338,Pittsburgh,Z
2011,1,1338,Pittsburgh,Y
2013,8,1338,Pittsburgh,Z
2014,9,1338,Pittsburgh,X
2016,10,1338,Pittsburgh,W
1985,13,1235,Iowa St,Y
1986,7,1235,Iowa St,X
1988,12,1235,Iowa St,W
1989,10,1235,Iowa St,Z
1992,10,1235,Iowa St,W
1993,8,1235,Iowa St,Z
1995,7,1235,Iowa St,Z
1996,5,1235,Iowa St,X
1997,6,1235,Iowa St,Y
2000,2,1235,Iowa St,Y
2001,2,1235,Iowa St,X
2005,9,1235,Iowa St,Z
2012,8,1235,Iowa St,Y
2013,10,1235,Iowa St,Z
2014,3,1235,Iowa St,W
2015,3,1235,Iowa St,X
2016,4,1235,Iowa St,X
2017,5,1235,Iowa St,Y
2019,6,1235,Iowa St,Y
2022,11,1235,Iowa St,Y
1985,14,1337,Pepperdine,Y
1986,12,1337,Pepperdine,Z
1991,14,1337,Pepperdine,Z
1992,11,1337,Pepperdine,Y
1994,14,1337,Pepperdine,Y
2000,11,1337,Pepperdine,W
2002,10,1337,Pepperdine,X
1985,15,1335,Penn,Y
1987,16,1335,Penn,W
1993,14,1335,Penn,W
1994,11,1335,Penn,W
1995,12,1335,Penn,W
1999,11,1335,Penn,Z
2000,13,1335,Penn,W
2002,11,1335,Penn,Y
2003,11,1335,Penn,W
2005,13,1335,Penn,X
2006,15,1335,Penn,W
2007,14,1335,Penn,X
2018,16,1335,Penn,X
1985,16,1299,NC A&T,Y
1986,16,1299,NC A&T,X
1987,15,1299,NC A&T,X
1988,14,1299,NC A&T,W
1994,16,1299,NC A&T,Y
1995,16,1299,NC A&T,W
2013,16,1299,NC A&T,Y
1985,1,1276,Michigan,Z
1986,2,1276,Michigan,X
1987,9,1276,Michigan,W
1988,3,1276,Michigan,Z
1989,3,1276,Michigan,Z
1990,3,1276,Michigan,Z
1992,6,1276,Michigan,Z
1993,1,1276,Michigan,Z
1994,3,1276,Michigan,Y
1995,9,1276,Michigan,Y
1996,7,1276,Michigan,X
1998,3,1276,Michigan,Z
2009,10,1276,Michigan,X
2011,8,1276,Michigan,X
2012,4,1276,Michigan,X
2013,4,1276,Michigan,X
2014,2,1276,Michigan,Y
2016,11,1276,Michigan,W
2017,7,1276,Michigan,Y
2018,3,1276,Michigan,Z
2019,2,1276,Michigan,X
2021,1,1276,Michigan,W
2022,11,1276,Michigan,Z
1985,2,1314,North Carolina,Z
1986,3,1314,North Carolina,Z
1987,1,1314,North Carolina,W
1988,2,1314,North Carolina,Z
1989,2,1314,North Carolina,Z
1990,8,1314,North Carolina,X
1991,1,1314,North Carolina,W
1992,4,1314,North Carolina,Z
1993,1,1314,North Carolina,W
1994,1,1314,North Carolina,W
1995,2,1314,North Carolina,Z
1996,6,1314,North Carolina,W
1997,1,1314,North Carolina,W
1998,1,1314,North Carolina,W
1999,3,1314,North Carolina,Z
2000,8,1314,North Carolina,X
2001,2,1314,North Carolina,Z
2004,6,1314,North Carolina,W
2005,1,1314,North Carolina,Z
2006,3,1314,North Carolina,Z
2007,1,1314,North Carolina,W
2008,1,1314,North Carolina,W
2009,1,1314,North Carolina,X
2011,2,1314,North Carolina,W
2012,1,1314,North Carolina,X
2013,8,1314,North Carolina,X
2014,6,1314,North Carolina,W
2015,4,1314,North Carolina,Z
2016,1,1314,North Carolina,W
2017,1,1314,North Carolina,Z
2018,2,1314,North Carolina,Z
2019,1,1314,North Carolina,Y
2021,8,1314,North Carolina,Z
2022,8,1314,North Carolina,W
1985,3,1242,Kansas,Z
1986,1,1242,Kansas,X
1987,5,1242,Kansas,X
1988,6,1242,Kansas,X
1990,2,1242,Kansas,W
1991,3,1242,Kansas,X
1992,1,1242,Kansas,Y
1993,2,1242,Kansas,X
1994,4,1242,Kansas,X
1995,1,1242,Kansas,Y
1996,2,1242,Kansas,Z
1997,1,1242,Kansas,X
1998,1,1242,Kansas,Y
1999,6,1242,Kansas,X
2000,8,1242,Kansas,W
2001,4,1242,Kansas,Y
2002,1,1242,Kansas,X
2003,2,1242,Kansas,Z
2004,4,1242,Kansas,Z
2005,3,1242,Kansas,Z
2006,4,1242,Kansas,X
2007,1,1242,Kansas,Z
2008,1,1242,Kansas,X
2009,3,1242,Kansas,Y
2010,1,1242,Kansas,Y
2011,1,1242,Kansas,Z
2012,2,1242,Kansas,X
2013,1,1242,Kansas,X
2014,2,1242,Kansas,X
2015,2,1242,Kansas,Y
2016,1,1242,Kansas,Y
2017,1,1242,Kansas,Y
2018,1,1242,Kansas,X
2019,4,1242,Kansas,Y
2021,3,1242,Kansas,X
2022,1,1242,Kansas,Y
1985,4,1261,LSU,Z
1986,11,1261,LSU,Y
1987,10,1261,LSU,Y
1988,9,1261,LSU,W
1989,10,1261,LSU,X
1990,5,1261,LSU,Y
1991,6,1261,LSU,Y
1992,7,1261,LSU,X
1993,11,1261,LSU,X
2000,4,1261,LSU,Z
2003,8,1261,LSU,X
2005,6,1261,LSU,X
2006,4,1261,LSU,W
2009,8,1261,LSU,X
2015,9,1261,LSU,W
2019,3,1261,LSU,W
2021,8,1261,LSU,W
2022,6,1261,LSU,Y
1985,5,1268,Maryland,Z
1986,5,1268,Maryland,Z
1988,7,1268,Maryland,Y
1994,10,1268,Maryland,Y
1995,3,1268,Maryland,X
1996,7,1268,Maryland,Z
1997,5,1268,Maryland,X
1998,4,1268,Maryland,X
1999,2,1268,Maryland,Y
2000,3,1268,Maryland,Y
2001,3,1268,Maryland,X
2002,1,1268,Maryland,W
2003,6,1268,Maryland,X
2004,4,1268,Maryland,X
2007,4,1268,Maryland,Y
2009,10,1268,Maryland,Z
2010,4,1268,Maryland,Y
2015,4,1268,Maryland,Y
2016,5,1268,Maryland,Y
2017,6,1268,Maryland,X
2019,6,1268,Maryland,W
2021,10,1268,Maryland,W
1985,6,1345,Purdue,Z
1986,6,1345,Purdue,Y
1987,3,1345,Purdue,W
1988,1,1345,Purdue,X
1990,2,1345,Purdue,X
1991,7,1345,Purdue,W
1993,9,1345,Purdue,W
1994,1,1345,Purdue,X
1995,3,1345,Purdue,Y
1996,1,1345,Purdue,Z
1997,8,1345,Purdue,X
1998,2,1345,Purdue,Y
1999,10,1345,Purdue,W
2000,6,1345,Purdue,Z
2003,9,1345,Purdue,X
2007,9,1345,Purdue,Y
2008,6,1345,Purdue,Z
2009,5,1345,Purdue,Z
2010,4,1345,Purdue,X
2011,3,1345,Purdue,Z
2012,10,1345,Purdue,X
2015,9,1345,Purdue,Y
2016,5,1345,Purdue,X
2017,4,1345,Purdue,Y
2018,2,1345,Purdue,W
2019,3,1345,Purdue,Z
2021,4,1345,Purdue,Z
2022,3,1345,Purdue,W
1985,7,1323,Notre Dame,Z
1986,3,1323,Notre Dame,X
1987,5,1323,Notre Dame,W
1988,10,1323,Notre Dame,W
1989,9,1323,Notre Dame,W
1990,10,1323,Notre Dame,Y
2001,6,1323,Notre Dame,Y
2002,8,1323,Notre Dame,Y
2003,5,1323,Notre Dame,Z
2007,6,1323,Notre Dame,Y
2008,5,1323,Notre Dame,W
2010,6,1323,Notre Dame,X
2011,2,1323,Notre Dame,Z
2012,7,1323,Notre Dame,Y
2013,7,1323,Notre Dame,Z
2015,3,1323,Notre Dame,Y
2016,6,1323,Notre Dame,W
2017,5,1323,Notre Dame,X
2022,11,1323,Notre Dame,X
1985,8,1437,Villanova,Z
1986,10,1437,Villanova,Y
1988,6,1437,Villanova,Y
1990,12,1437,Villanova,Y
1991,9,1437,Villanova,W
1995,3,1437,Villanova,W
1996,3,1437,Villanova,X
1997,4,1437,Villanova,W
1999,8,1437,Villanova,X
2005,5,1437,Villanova,Z
2006,1,1437,Villanova,Y
2007,9,1437,Villanova,Z
2008,12,1437,Villanova,X
2009,3,1437,Villanova,W
2010,2,1437,Villanova,X
2011,9,1437,Villanova,W
2013,9,1437,Villanova,X
2014,2,1437,Villanova,W
2015,1,1437,Villanova,W
2016,2,1437,Villanova,Y
2017,1,1437,Villanova,W
2018,1,1437,Villanova,W
2019,6,1437,Villanova,Z
2021,5,1437,Villanova,Z
2022,2,1437,Villanova,Z
1985,9,1173,Dayton,Z
1990,12,1173,Dayton,X
2000,11,1173,Dayton,Z
2003,4,1173,Dayton,Y
2004,10,1173,Dayton,X
2009,11,1173,Dayton,Y
2014,11,1173,Dayton,X
2015,11,1173,Dayton,W
2016,7,1173,Dayton,X
2017,7,1173,Dayton,Z
1985,10,1333,Oregon St,Z
1988,12,1333,Oregon St,Y
1989,6,1333,Oregon St,X
1990,5,1333,Oregon St,Z
2016,7,1333,Oregon St,Z
2021,12,1333,Oregon St,Y
1985,11,1120,Auburn,Z
1986,8,1120,Auburn,Z
1987,8,1120,Auburn,Y
1988,8,1120,Auburn,Y
1999,1,1120,Auburn,Y
2000,7,1120,Auburn,Y
2003,10,1120,Auburn,W
2018,4,1120,Auburn,X
2019,5,1120,Auburn,Y
2022,2,1120,Auburn,Y
1985,12,1275,Miami OH,Z
1986,10,1275,Miami OH,X
1992,13,1275,Miami OH,Z
1995,12,1275,Miami OH,Y
1997,13,1275,Miami OH,Y
1999,10,1275,Miami OH,X
2007,14,1275,Miami OH,Y
1985,13,1298,Navy,Z
1986,7,1298,Navy,W
1987,8,1298,Navy,W
1994,16,1298,Navy,Z
1997,15,1298,Navy,Z
1998,16,1298,Navy,W
1985,14,1325,Ohio,Z
1994,12,1325,Ohio,W
2005,13,1325,Ohio,Z
2010,14,1325,Ohio,Y
2012,13,1325,Ohio,X
2021,13,1325,Ohio,X
1985,15,1292,MTSU,Z
1987,12,1292,MTSU,W
1989,13,1292,MTSU,Z
2013,11,1292,MTSU,Y
2016,15,1292,MTSU,X
2017,12,1292,MTSU,Z
1985,16,1192,F Dickinson,Z
1988,16,1192,F Dickinson,X
1998,15,1192,F Dickinson,W
2005,16,1192,F Dickinson,X
2016,16,1192,F Dickinson,W
2019,16,1192,F Dickinson,X
1986,3,1231,Indiana,W
1987,1,1231,Indiana,Y
1988,4,1231,Indiana,W
1989,2,1231,Indiana,X
1990,8,1231,Indiana,W
1991,2,1231,Indiana,X
1992,2,1231,Indiana,X
1993,1,1231,Indiana,X
1994,5,1231,Indiana,W
1995,9,1231,Indiana,X
1996,6,1231,Indiana,Y
1997,8,1231,Indiana,W
1998,7,1231,Indiana,W
1999,6,1231,Indiana,Y
2000,6,1231,Indiana,W
2001,4,1231,Indiana,X
2002,5,1231,Indiana,Y
2003,7,1231,Indiana,Y
2006,6,1231,Indiana,X
2007,7,1231,Indiana,Z
2008,8,1231,Indiana,W
2012,4,1231,Indiana,Y
2013,1,1231,Indiana,W
2015,10,1231,Indiana,Y
2016,5,1231,Indiana,W
2022,12,1231,Indiana,W
1986,5,1438,Virginia,W
1987,5,1438,Virginia,Z
1989,5,1438,Virginia,Z
1990,7,1438,Virginia,Y
1991,7,1438,Virginia,Z
1993,6,1438,Virginia,W
1994,7,1438,Virginia,Z
1995,4,1438,Virginia,Y
1997,9,1438,Virginia,Z
2001,5,1438,Virginia,Z
2007,4,1438,Virginia,X
2012,10,1438,Virginia,Z
2014,1,1438,Virginia,W
2015,2,1438,Virginia,W
2016,1,1438,Virginia,X
2017,5,1438,Virginia,W
2018,1,1438,Virginia,Y
2019,1,1438,Virginia,Z
2021,4,1438,Virginia,X
1986,6,1386,St Joseph's PA,W
1997,4,1386,St Joseph's PA,Z
2001,9,1386,St Joseph's PA,X
2003,7,1386,St Joseph's PA,W
2004,1,1386,St Joseph's PA,Y
2008,11,1386,St Joseph's PA,W
2014,10,1386,St Joseph's PA,W
2016,8,1386,St Joseph's PA,Z
1986,9,1452,West Virginia,W
1987,7,1452,West Virginia,W
1989,7,1452,West Virginia,W
1992,12,1452,West Virginia,W
1998,10,1452,West Virginia,X
2005,7,1452,West Virginia,W
2006,6,1452,West Virginia,W
2008,7,1452,West Virginia,Z
2009,6,1452,West Virginia,Y
2010,2,1452,West Virginia,W
2011,5,1452,West Virginia,W
2012,10,1452,West Virginia,W
2015,5,1452,West Virginia,Y
2016,3,1452,West Virginia,W
2017,4,1452,West Virginia,X
2018,5,1452,West Virginia,W
2021,3,1452,West Virginia,Y
1986,11,1350,Richmond,W
1988,13,1350,Richmond,W
1990,14,1350,Richmond,W
1991,15,1350,Richmond,W
1998,14,1350,Richmond,W
2004,11,1350,Richmond,Y
2010,7,1350,Richmond,X
2011,12,1350,Richmond,Z
2022,12,1350,Richmond,Y
1986,14,1156,Cleveland St,W
2009,13,1156,Cleveland St,Y
2021,15,1156,Cleveland St,Y
1986,15,1135,Brown,W
1986,16,1290,MS Valley St,W
1992,16,1290,MS Valley St,Z
1996,15,1290,MS Valley St,W
2008,16,1290,MS Valley St,Z
2012,16,1290,MS Valley St,Y
1986,8,1239,Jacksonville,X
1986,14,1114,Ark Little Rock,X
1989,13,1114,Ark Little Rock,Y
1990,16,1114,Ark Little Rock,Z
2011,16,1114,Ark Little Rock,Y
2016,12,1114,Ark Little Rock,X
1986,15,1103,Akron,X
2009,13,1103,Akron,X
2011,15,1103,Akron,Z
2013,12,1103,Akron,X
2022,13,1103,Akron,W
1986,8,1443,WKU,Y
1987,10,1443,WKU,W
1993,7,1443,WKU,Y
1994,11,1443,WKU,Y
1995,8,1443,WKU,Y
2001,14,1443,WKU,Z
2002,9,1443,WKU,X
2003,13,1443,WKU,Z
2008,12,1443,WKU,Z
2009,12,1443,WKU,X
2012,16,1443,WKU,Y
2013,16,1443,WKU,X
1986,9,1304,Nebraska,Y
1991,3,1304,Nebraska,Y
1992,8,1304,Nebraska,Z
1993,10,1304,Nebraska,W
1994,6,1304,Nebraska,W
1998,11,1304,Nebraska,X
2014,11,1304,Nebraska,Z
1986,12,1462,Xavier,Y
1987,13,1462,Xavier,Y
1988,11,1462,Xavier,X
1989,14,1462,Xavier,Z
1990,6,1462,Xavier,X
1991,14,1462,Xavier,Y
1993,9,1462,Xavier,X
1995,11,1462,Xavier,Z
1997,7,1462,Xavier,Y
1998,6,1462,Xavier,W
2001,11,1462,Xavier,Y
2002,7,1462,Xavier,Z
2003,3,1462,Xavier,X
2004,7,1462,Xavier,W
2006,14,1462,Xavier,X
2007,9,1462,Xavier,X
2008,3,1462,Xavier,Z
2009,4,1462,Xavier,W
2010,6,1462,Xavier,Z
2011,6,1462,Xavier,W
2012,10,1462,Xavier,Y
2014,12,1462,Xavier,Y
2015,6,1462,Xavier,Z
2016,2,1462,Xavier,W
2017,11,1462,Xavier,X
2018,1,1462,Xavier,Z
1986,13,1193,Fairfield,Y
1987,16,1193,Fairfield,Y
1997,16,1193,Fairfield,W
1986,14,1123,Ball St,Y
1989,9,1123,Ball St,Y
1990,12,1123,Ball St,Z
1993,15,1123,Ball St,X
1995,12,1123,Ball St,Z
2000,11,1123,Ball St,Y
1986,15,1265,Marist,Y
1987,14,1265,Marist,Z
1986,16,1172,Davidson,Y
1998,14,1172,Davidson,Z
2002,13,1172,Davidson,Z
2006,15,1172,Davidson,Y
2007,13,1172,Davidson,Y
2008,10,1172,Davidson,X
2012,13,1172,Davidson,Z
2013,14,1172,Davidson,W
2015,10,1172,Davidson,X
2018,12,1172,Davidson,Y
2022,10,1172,Davidson,X
1986,2,1257,Louisville,Z
1988,5,1257,Louisville,Y
1989,4,1257,Louisville,Y
1990,4,1257,Louisville,Z
1992,8,1257,Louisville,X
1993,4,1257,Louisville,X
1994,3,1257,Louisville,Z
1995,11,1257,Louisville,Y
1996,6,1257,Louisville,X
1997,6,1257,Louisville,W
1999,7,1257,Louisville,Y
2000,7,1257,Louisville,Z
2003,4,1257,Louisville,W
2004,10,1257,Louisville,W
2005,4,1257,Louisville,W
2007,6,1257,Louisville,X
2008,3,1257,Louisville,W
2009,1,1257,Louisville,Y
2010,9,1257,Louisville,X
2011,4,1257,Louisville,Z
2012,4,1257,Louisville,Z
2013,1,1257,Louisville,Y
2014,4,1257,Louisville,Y
2015,4,1257,Louisville,W
2017,2,1257,Louisville,Y
2019,7,1257,Louisville,W
1986,7,1133,Bradley,Z
1988,9,1133,Bradley,Y
1996,8,1133,Bradley,W
2006,13,1133,Bradley,X
2019,15,1133,Bradley,W
1986,11,1281,Missouri,Z
1987,4,1281,Missouri,Y
1988,6,1281,Missouri,W
1989,3,1281,Missouri,Y
1990,3,1281,Missouri,Y
1992,5,1281,Missouri,W
1993,10,1281,Missouri,Z
1994,1,1281,Missouri,Z
1995,8,1281,Missouri,X
1999,8,1281,Missouri,Z
2000,9,1281,Missouri,X
2001,9,1281,Missouri,W
2002,12,1281,Missouri,Z
2003,6,1281,Missouri,Y
2009,3,1281,Missouri,Z
2010,10,1281,Missouri,W
2011,11,1281,Missouri,X
2012,2,1281,Missouri,Z
2013,9,1281,Missouri,Y
2018,8,1281,Missouri,Z
2021,9,1281,Missouri,X
1986,13,1419,ULM,Z
1990,15,1419,ULM,X
1991,15,1419,ULM,Y
1992,15,1419,ULM,Y
1993,13,1419,ULM,Y
1996,15,1419,ULM,X
1986,14,1428,Utah,Z
1991,4,1428,Utah,Z
1993,8,1428,Utah,Y
1995,4,1428,Utah,X
1996,4,1428,Utah,X
1997,2,1428,Utah,Z
1998,3,1428,Utah,X
1999,2,1428,Utah,X
2000,8,1428,Utah,Y
2002,12,1428,Utah,Y
2003,9,1428,Utah,Y
2004,11,1428,Utah,Z
2005,6,1428,Utah,Y
2009,5,1428,Utah,Y
2015,5,1428,Utah,X
2016,3,1428,Utah,X
1986,15,1180,Drexel,Z
1994,13,1180,Drexel,W
1995,13,1180,Drexel,W
1996,12,1180,Drexel,Z
2021,16,1180,Drexel,Y
1986,16,1286,Montana St,Z
1996,13,1286,Montana St,Z
2022,14,1286,Montana St,X
1987,4,1395,TCU,W
1998,5,1395,TCU,Y
2018,6,1395,TCU,X
2022,9,1395,TCU,Z
1987,6,1196,Florida,W
1988,6,1196,Florida,Z
1989,7,1196,Florida,Y
1994,3,1196,Florida,W
1995,10,1196,Florida,Z
1999,6,1196,Florida,Z
2000,5,1196,Florida,W
2001,3,1196,Florida,Z
2002,5,1196,Florida,X
2003,2,1196,Florida,X
2004,5,1196,Florida,Y
2005,4,1196,Florida,Z
2006,3,1196,Florida,Y
2007,1,1196,Florida,Y
2010,10,1196,Florida,Z
2011,2,1196,Florida,Y
2012,7,1196,Florida,Z
2013,3,1196,Florida,X
2014,1,1196,Florida,X
2017,4,1196,Florida,W
2018,6,1196,Florida,W
2019,10,1196,Florida,X
2021,7,1196,Florida,Z
1987,15,1204,Ga Southern,W
1992,15,1204,Ga Southern,Z
1987,4,1155,Clemson,X
1989,9,1155,Clemson,X
1990,5,1155,Clemson,W
1996,9,1155,Clemson,Z
1997,4,1155,Clemson,Y
1998,6,1155,Clemson,Y
2008,5,1155,Clemson,X
2009,7,1155,Clemson,X
2010,7,1155,Clemson,W
2011,12,1155,Clemson,W
2018,5,1155,Clemson,X
2021,7,1155,Clemson,Y
1987,6,1344,Providence,X
1989,12,1344,Providence,Z
1990,9,1344,Providence,Z
1994,8,1344,Providence,X
1997,10,1344,Providence,X
2001,10,1344,Providence,Z
2004,5,1344,Providence,Z
2014,11,1344,Providence,W
2015,6,1344,Providence,W
2016,9,1344,Providence,W
2017,11,1344,Providence,W
2018,10,1344,Providence,Z
2022,4,1344,Providence,Y
1987,7,1309,New Orleans,X
1991,14,1309,New Orleans,X
1993,8,1309,New Orleans,X
1996,11,1309,New Orleans,W
2017,16,1309,New Orleans,W
1987,10,1140,BYU,X
1988,4,1140,BYU,Y
1990,12,1140,BYU,W
1991,10,1140,BYU,Z
1992,10,1140,BYU,X
1993,7,1140,BYU,X
1995,8,1140,BYU,Z
2001,12,1140,BYU,X
2003,12,1140,BYU,X
2004,12,1140,BYU,X
2007,8,1140,BYU,X
2008,8,1140,BYU,Z
2009,8,1140,BYU,Z
2010,7,1140,BYU,Z
2011,3,1140,BYU,Y
2012,14,1140,BYU,Z
2014,10,1140,BYU,Z
2015,11,1140,BYU,Z
2021,6,1140,BYU,W
1987,12,1222,Houston,X
1990,8,1222,Houston,Y
1992,10,1222,Houston,Y
2010,13,1222,Houston,Y
2018,6,1222,Houston,Z
2019,3,1222,Houston,Y
2021,2,1222,Houston,Y
2022,5,1222,Houston,Z
1987,13,1283,Missouri St,X
1988,13,1283,Missouri St,Z
1989,14,1283,Missouri St,X
1990,9,1283,Missouri St,X
1992,12,1283,Missouri St,Y
1999,12,1283,Missouri St,W
1987,14,1122,Austin Peay,X
1996,14,1122,Austin Peay,Y
2003,13,1122,Austin Peay,W
2008,15,1122,Austin Peay,Y
2016,16,1122,Austin Peay,Y
1987,16,1137,Bucknell,X
1989,15,1137,Bucknell,Y
2005,14,1137,Bucknell,Z
2006,9,1137,Bucknell,X
2011,14,1137,Bucknell,X
2013,11,1137,Bucknell,W
2017,13,1137,Bucknell,X
2018,14,1137,Bucknell,X
1987,9,1360,San Diego,Y
2003,13,1360,San Diego,X
2008,13,1360,San Diego,Z
1987,12,1401,Texas A&M,Y
2006,12,1401,Texas A&M,W
2007,3,1401,Texas A&M,X
2008,9,1401,Texas A&M,Z
2009,9,1401,Texas A&M,Z
2010,5,1401,Texas A&M,X
2011,7,1401,Texas A&M,Z
2016,3,1401,Texas A&M,Z
2018,7,1401,Texas A&M,Z
1987,4,1417,UCLA,Z
1989,7,1417,UCLA,Z
1990,7,1417,UCLA,W
1991,4,1417,UCLA,W
1992,1,1417,UCLA,X
1993,9,1417,UCLA,Z
1994,5,1417,UCLA,Y
1995,1,1417,UCLA,X
1996,4,1417,UCLA,Y
1997,2,1417,UCLA,Y
1998,6,1417,UCLA,Z
1999,5,1417,UCLA,Y
2000,6,1417,UCLA,Y
2001,4,1417,UCLA,W
2002,8,1417,UCLA,Z
2005,11,1417,UCLA,W
2006,2,1417,UCLA,X
2007,2,1417,UCLA,Z
2008,1,1417,UCLA,Z
2009,6,1417,UCLA,W
2011,7,1417,UCLA,Y
2013,6,1417,UCLA,X
2014,4,1417,UCLA,X
2015,11,1417,UCLA,X
2017,3,1417,UCLA,Z
2018,11,1417,UCLA,W
2021,11,1417,UCLA,W
2022,4,1417,UCLA,W
1987,9,1243,Kansas St,Z
1988,4,1243,Kansas St,X
1989,6,1243,Kansas St,W
1990,11,1243,Kansas St,X
1993,6,1243,Kansas St,Y
1996,10,1243,Kansas St,W
2008,11,1243,Kansas St,X
2010,2,1243,Kansas St,Z
2011,5,1243,Kansas St,Y
2012,8,1243,Kansas St,W
2013,4,1243,Kansas St,Z
2014,9,1243,Kansas St,Y
2017,11,1243,Kansas St,Z
2018,9,1243,Kansas St,Y
2019,4,1243,Kansas St,Z
1987,12,1461,Wyoming,Z
1988,7,1461,Wyoming,Z
2002,11,1461,Wyoming,Z
2015,12,1461,Wyoming,W
2022,12,1461,Wyoming,W
1987,13,1141,C Michigan,Z
2003,11,1141,C Michigan,Z
1987,15,1365,Santa Clara,Z
1993,15,1365,Santa Clara,Z
1995,12,1365,Santa Clara,X
1996,10,1365,Santa Clara,Z
1987,16,1226,Idaho St,Z
1988,11,1348,Rhode Island,W
1993,8,1348,Rhode Island,W
1997,9,1348,Rhode Island,X
1998,8,1348,Rhode Island,Y
1999,12,1348,Rhode Island,X
2017,11,1348,Rhode Island,Y
2018,7,1348,Rhode Island,X
1988,15,1131,Boston Univ,W
1990,16,1131,Boston Univ,W
1997,12,1131,Boston Univ,Y
2002,16,1131,Boston Univ,Z
2011,16,1131,Boston Univ,Z
1988,7,1435,Vanderbilt,X
1989,8,1435,Vanderbilt,W
1991,9,1435,Vanderbilt,Z
1993,3,1435,Vanderbilt,Z
1997,10,1435,Vanderbilt,Y
2004,6,1435,Vanderbilt,X
2007,6,1435,Vanderbilt,W
2008,4,1435,Vanderbilt,X
2010,4,1435,Vanderbilt,Z
2011,5,1435,Vanderbilt,Z
2012,5,1435,Vanderbilt,W
2016,11,1435,Vanderbilt,Y
2017,9,1435,Vanderbilt,X
1988,8,1124,Baylor,X
2008,11,1124,Baylor,Z
2010,3,1124,Baylor,X
2012,3,1124,Baylor,Y
2014,6,1124,Baylor,Z
2015,3,1124,Baylor,Z
2016,5,1124,Baylor,Z
2017,3,1124,Baylor,W
2019,9,1124,Baylor,X
2021,1,1124,Baylor,Z
2022,1,1124,Baylor,W
1988,10,1429,Utah St,X
1998,13,1429,Utah St,X
2000,12,1429,Utah St,X
2001,12,1429,Utah St,W
2003,15,1429,Utah St,Z
2005,14,1429,Utah St,X
2006,12,1429,Utah St,Z
2009,11,1429,Utah St,Z
2010,12,1429,Utah St,X
2011,12,1429,Utah St,Y
2019,8,1429,Utah St,Y
2021,11,1429,Utah St,Z
1988,13,1247,La Salle,X
1989,8,1247,La Salle,Z
1990,4,1247,La Salle,W
1992,13,1247,La Salle,W
2013,13,1247,La Salle,Z
1988,14,1293,Murray St,X
1990,16,1293,Murray St,Y
1991,13,1293,Murray St,X
1992,14,1293,Murray St,Y
1995,15,1293,Murray St,Z
1997,15,1293,Murray St,X
1998,9,1293,Murray St,Y
1999,13,1293,Murray St,Y
2002,14,1293,Murray St,W
2004,12,1293,Murray St,W
2006,14,1293,Murray St,Z
2010,13,1293,Murray St,Z
2012,6,1293,Murray St,Z
2018,12,1293,Murray St,W
2019,12,1293,Murray St,X
2022,7,1293,Murray St,W
1988,15,1185,E Michigan,X
1991,12,1185,E Michigan,W
1996,9,1185,E Michigan,Y
1998,13,1185,E Michigan,W
1988,10,1364,UC Santa Barbara,Y
1990,9,1364,UC Santa Barbara,Y
2002,14,1364,UC Santa Barbara,Z
2010,15,1364,UC Santa Barbara,Y
2011,15,1364,UC Santa Barbara,Y
2021,12,1364,UC Santa Barbara,X
1988,13,1150,Charlotte,Y
1992,7,1150,Charlotte,W
1995,7,1150,Charlotte,W
1997,7,1150,Charlotte,Z
1998,8,1150,Charlotte,W
1999,5,1150,Charlotte,X
2001,9,1150,Charlotte,Y
2002,9,1150,Charlotte,Y
2004,9,1150,Charlotte,Y
2005,7,1150,Charlotte,Z
1988,14,1427,UT San Antonio,Y
1999,16,1427,UT San Antonio,Z
2004,16,1427,UT San Antonio,X
2011,16,1427,UT San Antonio,W
1988,16,1151,Chattanooga,Y
1993,12,1151,Chattanooga,Y
1994,13,1151,Chattanooga,X
1995,15,1151,Chattanooga,X
1997,14,1151,Chattanooga,X
2005,15,1151,Chattanooga,W
2009,16,1151,Chattanooga,Z
2016,12,1151,Chattanooga,W
2022,13,1151,Chattanooga,Z
1988,8,1371,Seton Hall,Z
1989,3,1371,Seton Hall,X
1991,3,1371,Seton Hall,Z
1992,4,1371,Seton Hall,W
1993,2,1371,Seton Hall,Y
1994,10,1371,Seton Hall,X
2000,10,1371,Seton Hall,W
2004,8,1371,Seton Hall,W
2006,10,1371,Seton Hall,Z
2016,6,1371,Seton Hall,X
2017,9,1371,Seton Hall,Z
2018,8,1371,Seton Hall,X
2019,10,1371,Seton Hall,Y
2022,8,1371,Seton Hall,Z
1988,10,1258,Loy Marymount,Z
1989,12,1258,Loy Marymount,Y
1990,11,1258,Loy Marymount,Z
1988,12,1199,Florida St,Z
1989,4,1199,Florida St,Z
1991,7,1199,Florida St,X
1992,3,1199,Florida St,X
1993,3,1199,Florida St,Y
1998,12,1199,Florida St,Y
2009,5,1199,Florida St,W
2010,9,1199,Florida St,Z
2011,10,1199,Florida St,Z
2012,3,1199,Florida St,W
2017,3,1199,Florida St,X
2018,9,1199,Florida St,Z
2019,4,1199,Florida St,X
2021,4,1199,Florida St,W
1988,14,1129,Boise St,Z
1993,14,1129,Boise St,Z
1994,14,1129,Boise St,Z
2008,14,1129,Boise St,W
2013,13,1129,Boise St,Z
2015,11,1129,Boise St,W
2022,8,1129,Boise St,X
1988,15,1317,North Texas,Z
2007,15,1317,North Texas,X
2010,15,1317,North Texas,Z
2021,13,1317,North Texas,Z
1988,16,1165,Cornell,Z
2008,14,1165,Cornell,Y
2009,14,1165,Cornell,Z
2010,12,1165,Cornell,W
1989,3,1390,Stanford,W
1992,12,1390,Stanford,Z
1995,10,1390,Stanford,W
1996,9,1390,Stanford,W
1997,6,1390,Stanford,Z
1998,3,1390,Stanford,Y
1999,2,1390,Stanford,Z
2000,1,1390,Stanford,X
2001,1,1390,Stanford,X
2002,8,1390,Stanford,X
2003,4,1390,Stanford,X
2004,1,1390,Stanford,X
2005,8,1390,Stanford,Y
2007,11,1390,Stanford,X
2008,3,1390,Stanford,Y
2014,10,1390,Stanford,X
1989,10,1397,Tennessee,W
1998,8,1397,Tennessee,X
1999,4,1397,Tennessee,W
2000,4,1397,Tennessee,X
2001,8,1397,Tennessee,Y
2006,2,1397,Tennessee,Z
2007,5,1397,Tennessee,X
2008,2,1397,Tennessee,W
2009,9,1397,Tennessee,W
2010,6,1397,Tennessee,Y
2011,9,1397,Tennessee,X
2014,11,1397,Tennessee,Y
2018,3,1397,Tennessee,Y
2019,2,1397,Tennessee,Z
2021,5,1397,Tennessee,Y
2022,3,1397,Tennessee,Z
1989,11,1278,Minnesota,W
1990,6,1278,Minnesota,Y
1994,6,1278,Minnesota,Z
1995,8,1278,Minnesota,W
1997,1,1278,Minnesota,Y
1999,7,1278,Minnesota,Z
2005,8,1278,Minnesota,Z
2009,10,1278,Minnesota,W
2010,11,1278,Minnesota,Z
2013,11,1278,Minnesota,X
2017,5,1278,Minnesota,Z
2019,10,1278,Minnesota,W
1989,12,1376,South Carolina,W
1997,2,1376,South Carolina,W
1998,3,1376,South Carolina,W
2004,10,1376,South Carolina,Y
2017,7,1376,South Carolina,W
1989,13,1353,Rutgers,W
1991,9,1353,Rutgers,X
2021,10,1353,Rutgers,Y
2022,11,1353,Rutgers,X
1989,14,1373,Siena,W
1999,13,1373,Siena,Z
2002,16,1373,Siena,W
2008,13,1373,Siena,X
2009,9,1373,Siena,Y
2010,13,1373,Siena,X
1989,15,1354,S Carolina St,W
1996,15,1354,S Carolina St,Z
1998,15,1354,S Carolina St,Z
2000,16,1354,S Carolina St,X
2003,16,1354,S Carolina St,W
1989,16,1343,Princeton,W
1990,13,1343,Princeton,X
1991,8,1343,Princeton,W
1992,11,1343,Princeton,W
1996,13,1343,Princeton,Y
1997,12,1343,Princeton,W
1998,5,1343,Princeton,W
2001,15,1343,Princeton,Z
2004,14,1343,Princeton,W
2011,13,1343,Princeton,W
2017,12,1343,Princeton,X
1989,8,1388,St Mary's CA,X
1997,14,1388,St Mary's CA,Z
2005,10,1388,St Mary's CA,X
2008,10,1388,St Mary's CA,Y
2010,10,1388,St Mary's CA,X
2012,7,1388,St Mary's CA,X
2013,11,1388,St Mary's CA,Y
2017,7,1388,St Mary's CA,X
2019,11,1388,St Mary's CA,Z
2022,5,1388,St Mary's CA,W
1989,11,1191,Evansville,X
1992,8,1191,Evansville,Y
1993,14,1191,Evansville,Y
1999,11,1191,Evansville,X
1989,13,1225,Idaho,X
1990,13,1225,Idaho,Z
1989,15,1206,George Mason,X
1999,14,1206,George Mason,W
2001,14,1206,George Mason,X
2006,11,1206,George Mason,Z
2008,12,1206,George Mason,W
2011,8,1206,George Mason,W
1989,16,1352,Robert Morris,X
1990,15,1352,Robert Morris,W
1992,16,1352,Robert Morris,X
2009,15,1352,Robert Morris,Y
2010,15,1352,Robert Morris,X
2015,16,1352,Robert Morris,X
1989,10,1161,Colorado St,Y
1990,10,1161,Colorado St,Z
2003,14,1161,Colorado St,Z
2012,11,1161,Colorado St,Z
2013,8,1161,Colorado St,Y
2022,6,1161,Colorado St,Z
1989,11,1400,Texas,Y
1990,10,1400,Texas,X
1991,5,1400,Texas,Y
1992,8,1400,Texas,W
1994,6,1400,Texas,Y
1995,11,1400,Texas,X
1996,10,1400,Texas,X
1997,10,1400,Texas,W
1999,7,1400,Texas,W
2000,5,1400,Texas,Z
2001,6,1400,Texas,Z
2002,6,1400,Texas,X
2003,1,1400,Texas,X
2004,3,1400,Texas,W
2005,8,1400,Texas,X
2006,2,1400,Texas,W
2007,4,1400,Texas,W
2008,2,1400,Texas,Y
2009,7,1400,Texas,W
2010,8,1400,Texas,W
2011,4,1400,Texas,X
2012,11,1400,Texas,W
2014,7,1400,Texas,Y
2015,11,1400,Texas,Y
2016,6,1400,Texas,Z
2018,10,1400,Texas,Y
2021,3,1400,Texas,W
2022,6,1400,Texas,W
1989,14,1166,Creighton,Y
1991,11,1166,Creighton,Z
1999,10,1166,Creighton,Y
2000,10,1166,Creighton,Y
2001,10,1166,Creighton,W
2002,12,1166,Creighton,X
2003,6,1166,Creighton,Z
2005,10,1166,Creighton,W
2007,10,1166,Creighton,X
2012,8,1166,Creighton,X
2013,7,1166,Creighton,Y
2014,3,1166,Creighton,Z
2017,6,1166,Creighton,Y
2018,8,1166,Creighton,Y
2021,5,1166,Creighton,X
2022,9,1166,Creighton,Y
1989,16,1270,McNeese St,Y
2002,14,1270,McNeese St,X
1989,11,1375,South Alabama,Z
1991,13,1375,South Alabama,Z
1997,13,1375,South Alabama,X
1998,12,1375,South Alabama,X
2006,14,1375,South Alabama,Y
2008,10,1375,South Alabama,W
1989,16,1190,ETSU,Z
1990,13,1190,ETSU,Y
1991,10,1190,ETSU,Y
1992,14,1190,ETSU,Z
2003,15,1190,ETSU,W
2004,13,1190,ETSU,W
2009,16,1190,ETSU,W
2010,16,1190,ETSU,W
2017,13,1190,ETSU,W
1990,1,1163,Connecticut,W
1991,11,1163,Connecticut,Y
1992,9,1163,Connecticut,Z
1994,2,1163,Connecticut,W
1995,2,1163,Connecticut,X
1996,1,1163,Connecticut,Y
1998,2,1163,Connecticut,W
1999,1,1163,Connecticut,Z
2000,5,1163,Connecticut,X
2002,2,1163,Connecticut,W
2003,5,1163,Connecticut,X
2004,2,1163,Connecticut,X
2005,2,1163,Connecticut,Z
2006,1,1163,Connecticut,Z
2008,4,1163,Connecticut,Z
2009,1,1163,Connecticut,Z
2011,3,1163,Connecticut,X
2012,9,1163,Connecticut,Y
2014,7,1163,Connecticut,W
2016,9,1163,Connecticut,Y
2021,7,1163,Connecticut,W
2022,5,1163,Connecticut,X
1990,9,1143,California,W
1993,6,1143,California,X
1994,5,1143,California,Z
1996,12,1143,California,X
1997,5,1143,California,W
2001,8,1143,California,Z
2002,6,1143,California,Y
2003,8,1143,California,W
2006,7,1143,California,W
2009,7,1143,California,Z
2010,8,1143,California,X
2012,12,1143,California,X
2013,12,1143,California,W
2016,4,1143,California,Y
1990,13,1379,Southern Miss,W
1991,11,1379,Southern Miss,W
2012,9,1379,Southern Miss,W
1990,14,1411,TX Southern,X
1994,15,1411,TX Southern,X
1995,15,1411,TX Southern,Y
2003,16,1411,TX Southern,X
2014,16,1411,TX Southern,Y
2015,15,1411,TX Southern,Z
2017,16,1411,TX Southern,Z
2018,16,1411,TX Southern,Z
2021,16,1411,TX Southern,W
2022,16,1411,TX Southern,Y
1990,16,1406,Towson,X
1991,16,1406,Towson,Y
1990,14,1320,Northern Iowa,Y
2004,14,1320,Northern Iowa,Z
2005,11,1320,Northern Iowa,Z
2006,10,1320,Northern Iowa,Y
2009,12,1320,Northern Iowa,Z
2010,9,1320,Northern Iowa,Y
2015,5,1320,Northern Iowa,W
2016,11,1320,Northern Iowa,Z
1990,15,1164,Coppin St,Y
1993,15,1164,Coppin St,W
1997,15,1164,Coppin St,W
2008,16,1164,Coppin St,W
1990,6,1308,New Mexico St,Z
1991,6,1308,New Mexico St,Z
1992,12,1308,New Mexico St,X
1993,7,1308,New Mexico St,W
1994,13,1308,New Mexico St,Y
1999,14,1308,New Mexico St,X
2007,13,1308,New Mexico St,W
2010,12,1308,New Mexico St,Y
2012,13,1308,New Mexico St,Y
2013,13,1308,New Mexico St,Y
2014,13,1308,New Mexico St,Z
2015,15,1308,New Mexico St,Y
2017,14,1308,New Mexico St,W
2018,12,1308,New Mexico St,X
2019,12,1308,New Mexico St,Y
2022,12,1308,New Mexico St,X
1990,15,1378,South Florida,Z
1992,11,1378,South Florida,X
2012,12,1378,South Florida,X
1991,3,1329,Oklahoma St,W
1992,2,1329,Oklahoma St,Z
1993,5,1329,Oklahoma St,X
1994,4,1329,Oklahoma St,Y
1995,4,1329,Oklahoma St,W
1998,8,1329,Oklahoma St,Z
1999,9,1329,Oklahoma St,Y
2000,3,1329,Oklahoma St,W
2001,11,1329,Oklahoma St,W
2002,7,1329,Oklahoma St,Y
2003,6,1329,Oklahoma St,W
2004,2,1329,Oklahoma St,Y
2005,2,1329,Oklahoma St,X
2009,8,1329,Oklahoma St,W
2010,7,1329,Oklahoma St,Y
2013,5,1329,Oklahoma St,Y
2014,9,1329,Oklahoma St,Z
2015,9,1329,Oklahoma St,Z
2017,10,1329,Oklahoma St,Y
2021,4,1329,Oklahoma St,Y
1991,5,1280,Mississippi St,W
1995,5,1280,Mississippi St,X
1996,5,1280,Mississippi St,Y
2002,3,1280,Mississippi St,X
2003,5,1280,Mississippi St,W
2004,2,1280,Mississippi St,W
2005,9,1280,Mississippi St,Y
2008,8,1280,Mississippi St,Y
2009,13,1280,Mississippi St,Z
2019,5,1280,Mississippi St,W
1991,13,1336,Penn St,W
1996,5,1336,Penn St,W
2001,7,1336,Penn St,Z
2011,10,1336,Penn St,X
1991,14,1307,New Mexico,W
1993,5,1307,New Mexico,Z
1994,10,1307,New Mexico,Z
1996,7,1307,New Mexico,W
1997,3,1307,New Mexico,W
1998,4,1307,New Mexico,Z
1999,9,1307,New Mexico,Z
2005,12,1307,New Mexico,Z
2010,3,1307,New Mexico,W
2012,5,1307,New Mexico,Z
2013,3,1307,New Mexico,Z
2014,7,1307,New Mexico,X
1991,5,1448,Wake Forest,X
1992,9,1448,Wake Forest,X
1993,5,1448,Wake Forest,Y
1994,5,1448,Wake Forest,X
1995,1,1448,Wake Forest,W
1996,2,1448,Wake Forest,X
1997,3,1448,Wake Forest,Z
2001,7,1448,Wake Forest,Y
2002,7,1448,Wake Forest,X
2003,2,1448,Wake Forest,W
2004,4,1448,Wake Forest,Y
2005,2,1448,Wake Forest,W
2009,4,1448,Wake Forest,Y
2010,9,1448,Wake Forest,W
2017,11,1448,Wake Forest,Z
1991,8,1113,Arizona St,X
1995,5,1113,Arizona St,Z
2003,10,1113,Arizona St,Z
2009,6,1113,Arizona St,X
2014,10,1113,Arizona St,Y
2018,11,1113,Arizona St,X
2019,11,1113,Arizona St,X
1991,15,1157,Coastal Car,X
1993,16,1157,Coastal Car,Z
2014,16,1157,Coastal Car,W
2015,16,1157,Coastal Car,Z
1991,16,1209,Georgia St,X
2001,11,1209,Georgia St,X
2015,14,1209,Georgia St,Z
2018,15,1209,Georgia St,Y
2019,14,1209,Georgia St,Y
2022,16,1209,Georgia St,X
1991,12,1389,St Peter's,Y
1995,15,1389,St Peter's,W
2011,14,1389,St Peter's,Z
2022,15,1389,St Peter's,W
1991,13,1296,N Illinois,Y
1996,14,1296,N Illinois,W
1991,12,1453,WI Green Bay,Z
1994,12,1453,WI Green Bay,Z
1995,14,1453,WI Green Bay,Y
1996,8,1453,WI Green Bay,X
2016,14,1453,WI Green Bay,Z
1991,15,1384,St Francis PA,Z
1991,16,1285,Montana,Z
1992,14,1285,Montana,X
1997,16,1285,Montana,Z
2002,15,1285,Montana,X
2005,16,1285,Montana,W
2006,12,1285,Montana,Y
2010,14,1285,Montana,W
2012,13,1285,Montana,W
2013,13,1285,Montana,W
2018,14,1285,Montana,Z
2019,15,1285,Montana,X
1992,3,1269,Massachusetts,W
1993,3,1269,Massachusetts,W
1994,2,1269,Massachusetts,Y
1995,2,1269,Massachusetts,W
1996,1,1269,Massachusetts,W
1997,11,1269,Massachusetts,W
1998,7,1269,Massachusetts,Z
2014,6,1269,Massachusetts,Y
1992,14,1200,Fordham,W
1992,16,1144,Campbell,W
1992,13,1418,Louisiana,X
1994,11,1418,Louisiana,X
2000,13,1418,Louisiana,X
2004,14,1418,Louisiana,X
2005,13,1418,Louisiana,W
2014,14,1418,Louisiana,Z
1992,15,1183,E Illinois,X
2001,15,1183,E Illinois,Y
1992,4,1153,Cincinnati,Y
1993,2,1153,Cincinnati,W
1994,8,1153,Cincinnati,Z
1995,7,1153,Cincinnati,X
1996,2,1153,Cincinnati,Y
1997,3,1153,Cincinnati,Y
1998,2,1153,Cincinnati,X
1999,3,1153,Cincinnati,W
2000,2,1153,Cincinnati,X
2001,5,1153,Cincinnati,X
2002,1,1153,Cincinnati,Z
2003,8,1153,Cincinnati,Z
2004,4,1153,Cincinnati,W
2005,7,1153,Cincinnati,Y
2011,6,1153,Cincinnati,X
2012,6,1153,Cincinnati,W
2013,10,1153,Cincinnati,Y
2014,5,1153,Cincinnati,W
2015,8,1153,Cincinnati,Y
2016,9,1153,Cincinnati,Z
2017,6,1153,Cincinnati,Z
2018,2,1153,Cincinnati,Y
2019,7,1153,Cincinnati,Z
1992,13,1174,Delaware,Y
1993,13,1174,Delaware,X
1998,15,1174,Delaware,Y
1999,13,1174,Delaware,W
2014,13,1174,Delaware,W
2022,15,1174,Delaware,Z
1992,16,1224,Howard,Y
1992,10,1408,Tulane,Z
1993,11,1408,Tulane,Y
1995,9,1408,Tulane,Z
1993,11,1264,Manhattan,W
1995,13,1264,Manhattan,Z
2003,14,1264,Manhattan,W
2004,12,1264,Manhattan,Y
2014,13,1264,Manhattan,Y
2015,16,1264,Manhattan,Y
1993,13,1221,Holy Cross,W
2001,15,1221,Holy Cross,W
2002,16,1221,Holy Cross,X
2003,14,1221,Holy Cross,Y
2007,13,1221,Holy Cross,Z
2016,16,1221,Holy Cross,Z
1993,16,1187,East Carolina,W
1993,12,1266,Marquette,X
1994,6,1266,Marquette,X
1996,4,1266,Marquette,W
1997,7,1266,Marquette,X
2002,5,1266,Marquette,W
2003,3,1266,Marquette,Y
2006,7,1266,Marquette,X
2007,8,1266,Marquette,W
2008,6,1266,Marquette,Y
2009,6,1266,Marquette,Z
2010,6,1266,Marquette,W
2011,11,1266,Marquette,W
2012,3,1266,Marquette,Z
2013,3,1266,Marquette,W
2017,10,1266,Marquette,W
2019,5,1266,Marquette,X
2022,9,1266,Marquette,W
1993,14,1356,S Illinois,X
1994,11,1356,S Illinois,Z
1995,10,1356,S Illinois,Y
2002,11,1356,S Illinois,W
2003,11,1356,S Illinois,Y
2004,9,1356,S Illinois,X
2005,7,1356,S Illinois,X
2006,11,1356,S Illinois,W
2007,4,1356,S Illinois,Z
1993,16,1460,Wright St,X
2007,14,1460,Wright St,Z
2018,14,1460,Wright St,Y
2022,16,1460,Wright St,Z
1993,15,1398,Tennessee St,Y
1994,14,1398,Tennessee St,X
1993,16,1351,Rider,Y
1994,15,1351,Rider,W
1993,11,1253,Long Beach St,Z
1995,13,1253,Long Beach St,X
2007,12,1253,Long Beach St,X
2012,12,1253,Long Beach St,Z
1993,12,1203,G Washington,Z
1994,10,1203,G Washington,W
1996,11,1203,G Washington,Z
1998,9,1203,G Washington,Z
1999,11,1203,G Washington,Y
2005,12,1203,G Washington,W
2006,8,1203,G Washington,W
2007,11,1203,G Washington,W
2014,9,1203,G Washington,W
1994,8,1450,Washington St,W
2007,3,1450,Washington St,W
2008,4,1450,Washington St,W
1994,14,1241,James Madison,W
2013,16,1241,James Madison,W
1994,16,1251,Liberty,W
2004,16,1251,Liberty,Y
2013,16,1251,Liberty,Y
2019,12,1251,Liberty,W
2021,13,1251,Liberty,Y
1994,12,1158,Col Charleston,X
1997,12,1158,Col Charleston,X
1998,14,1158,Col Charleston,Y
1999,8,1158,Col Charleston,W
2018,13,1158,Col Charleston,X
1994,16,1416,UCF,X
1996,16,1416,UCF,W
2004,14,1416,UCF,Y
2005,15,1416,UCF,Z
2019,9,1416,UCF,W
1994,7,1387,St Louis,Y
1995,9,1387,St Louis,W
1998,10,1387,St Louis,Z
2000,9,1387,St Louis,Y
2012,9,1387,St Louis,Z
2013,4,1387,St Louis,Y
2014,5,1387,St Louis,Y
2019,13,1387,St Louis,W
1994,15,1402,Texas St,Y
1997,16,1402,Texas St,Y
1994,9,1458,Wisconsin,Z
1997,7,1458,Wisconsin,W
1999,5,1458,Wisconsin,W
2000,8,1458,Wisconsin,Z
2001,6,1458,Wisconsin,X
2002,8,1458,Wisconsin,W
2003,5,1458,Wisconsin,Y
2004,6,1458,Wisconsin,Y
2005,6,1458,Wisconsin,Z
2006,9,1458,Wisconsin,Y
2007,2,1458,Wisconsin,Y
2008,3,1458,Wisconsin,X
2009,12,1458,Wisconsin,W
2010,4,1458,Wisconsin,W
2011,4,1458,Wisconsin,Y
2012,4,1458,Wisconsin,W
2013,5,1458,Wisconsin,Z
2014,2,1458,Wisconsin,Z
2015,1,1458,Wisconsin,Z
2016,7,1458,Wisconsin,W
2017,8,1458,Wisconsin,W
2019,5,1458,Wisconsin,Z
2021,9,1458,Wisconsin,Z
2022,3,1458,Wisconsin,Y
1994,13,1218,Hawaii,Z
2001,12,1218,Hawaii,Y
2002,10,1218,Hawaii,Z
2016,13,1218,Hawaii,Y
1994,15,1259,Loyola MD,Z
2012,15,1259,Loyola MD,W
1995,6,1332,Oregon,X
2000,7,1332,Oregon,W
2002,2,1332,Oregon,X
2003,8,1332,Oregon,Y
2007,3,1332,Oregon,Y
2008,9,1332,Oregon,Y
2013,12,1332,Oregon,Y
2014,7,1332,Oregon,Z
2015,8,1332,Oregon,Z
2016,1,1332,Oregon,Z
2017,3,1332,Oregon,Y
2019,12,1332,Oregon,Z
2021,7,1332,Oregon,X
1995,14,1211,Gonzaga,X
1999,10,1211,Gonzaga,Z
2000,10,1211,Gonzaga,Z
2001,12,1211,Gonzaga,Z
2002,6,1211,Gonzaga,Z
2003,9,1211,Gonzaga,Z
2004,2,1211,Gonzaga,Z
2005,3,1211,Gonzaga,W
2006,3,1211,Gonzaga,X
2007,10,1211,Gonzaga,Z
2008,7,1211,Gonzaga,X
2009,4,1211,Gonzaga,X
2010,8,1211,Gonzaga,Z
2011,11,1211,Gonzaga,Y
2012,7,1211,Gonzaga,W
2013,1,1211,Gonzaga,Z
2014,8,1211,Gonzaga,Z
2015,2,1211,Gonzaga,X
2016,11,1211,Gonzaga,X
2017,1,1211,Gonzaga,X
2018,4,1211,Gonzaga,Z
2019,1,1211,Gonzaga,X
2021,1,1211,Gonzaga,X
2022,1,1211,Gonzaga,X
1995,16,1198,Florida Intl,X
1995,13,1311,Nicholls St,Y
1998,16,1311,Nicholls St,X
1995,16,1159,Colgate,Y
1996,16,1159,Colgate,Y
2019,15,1159,Colgate,Z
2021,14,1159,Colgate,Z
2022,14,1159,Colgate,Y
1995,14,1451,Weber St,Z
1999,14,1451,Weber St,Z
2003,12,1451,Weber St,Y
2007,15,1451,Weber St,Z
2014,16,1451,Weber St,Z
2016,15,1451,Weber St,W
1995,16,1291,Mt St Mary's,Z
1999,16,1291,Mt St Mary's,X
2008,16,1291,Mt St Mary's,W
2014,16,1291,Mt St Mary's,X
2017,16,1291,Mt St Mary's,W
2021,16,1291,Mt St Mary's,W
1996,13,1284,Monmouth NJ,W
2001,16,1284,Monmouth NJ,W
2004,15,1284,Monmouth NJ,W
2006,16,1284,Monmouth NJ,Y
1996,13,1145,Canisius,X
1996,14,1339,Portland,X
1996,16,1363,San Jose St,X
1996,15,1422,UNC Greensboro,Y
2001,16,1422,UNC Greensboro,X
2018,13,1422,UNC Greensboro,Z
2021,13,1422,UNC Greensboro,W
1996,14,1434,Valparaiso,Z
1997,12,1434,Valparaiso,Z
1998,13,1434,Valparaiso,Y
1999,15,1434,Valparaiso,Y
2000,16,1434,Valparaiso,Y
2002,13,1434,Valparaiso,W
2004,15,1434,Valparaiso,Z
2013,14,1434,Valparaiso,Y
2015,13,1434,Valparaiso,Y
1996,16,1441,W Carolina,Z
1997,9,1160,Colorado,W
2003,10,1160,Colorado,X
2012,11,1160,Colorado,Y
2013,10,1160,Colorado,W
2014,8,1160,Colorado,X
2016,8,1160,Colorado,Y
2021,5,1160,Colorado,W
1997,13,1254,LIU Brooklyn,W
2011,15,1254,LIU Brooklyn,W
2012,16,1254,LIU Brooklyn,Z
2013,16,1254,LIU Brooklyn,W
2018,16,1254,LIU Brooklyn,W
1997,16,1238,Jackson St,X
2000,16,1238,Jackson St,Z
2007,16,1238,Jackson St,Y
1997,8,1279,Mississippi,Y
1998,4,1279,Mississippi,Y
1999,9,1279,Mississippi,X
2001,3,1279,Mississippi,Y
2002,9,1279,Mississippi,Z
2013,12,1279,Mississippi,Z
2015,11,1279,Mississippi,Z
2019,8,1279,Mississippi,Z
1997,14,1139,Butler,Y
1998,13,1139,Butler,Z
2000,12,1139,Butler,W
2001,10,1139,Butler,Y
2003,12,1139,Butler,W
2007,5,1139,Butler,Y
2008,7,1139,Butler,W
2009,9,1139,Butler,X
2010,5,1139,Butler,Z
2011,8,1139,Butler,Y
2013,6,1139,Butler,W
2015,6,1139,Butler,Y
2016,9,1139,Butler,X
2017,4,1139,Butler,Z
2018,10,1139,Butler,W
1997,15,1149,Charleston So,Y
1997,13,1334,Pacific,Z
2004,12,1334,Pacific,Z
2005,8,1334,Pacific,W
2006,13,1334,Pacific,Y
2013,15,1334,Pacific,W
1998,9,1227,IL Chicago,W
2002,15,1227,IL Chicago,Z
2004,13,1227,IL Chicago,Z
1998,14,1362,San Francisco,X
2022,10,1362,San Francisco,W
1998,15,1319,Northern Arizona,X
2000,15,1319,Northern Arizona,Z
1998,10,1178,Detroit,Y
1999,12,1178,Detroit,Y
2012,15,1178,Detroit,X
1998,11,1444,W Michigan,Y
2004,11,1444,W Michigan,X
2014,14,1444,W Michigan,X
1998,16,1341,Prairie View,Y
2019,16,1341,Prairie View,X
1998,11,1274,Miami FL,Z
1999,2,1274,Miami FL,W
2000,6,1274,Miami FL,X
2002,5,1274,Miami FL,Z
2008,7,1274,Miami FL,Y
2013,2,1274,Miami FL,W
2016,3,1274,Miami FL,Y
2017,8,1274,Miami FL,Y
2018,6,1274,Miami FL,Y
2022,10,1274,Miami FL,Y
1998,16,1347,Radford,Z
2009,16,1347,Radford,X
2018,16,1347,Radford,W
1999,11,1245,Kent,W
2001,13,1245,Kent,X
2002,10,1245,Kent,Y
2006,12,1245,Kent,X
2008,9,1245,Kent,X
2017,14,1245,Kent,Z
1999,15,1248,Lafayette,W
2000,15,1248,Lafayette,W
2015,16,1248,Lafayette,W
1999,16,1197,Florida A&M,W
2004,16,1197,Florida A&M,Z
2007,16,1197,Florida A&M,Z
1999,15,1117,Arkansas St,X
1999,14,1359,Samford,Y
2000,13,1359,Samford,Y
1999,16,1457,Winthrop,Y
2000,14,1457,Winthrop,Z
2001,16,1457,Winthrop,Y
2002,16,1457,Winthrop,Y
2005,14,1457,Winthrop,W
2006,15,1457,Winthrop,Z
2007,11,1457,Winthrop,Y
2008,13,1457,Winthrop,W
2010,16,1457,Winthrop,X
2017,13,1457,Winthrop,Z
2021,12,1457,Winthrop,Z
1999,15,1108,Alcorn St,Z
2002,16,1108,Alcorn St,W
2000,14,1220,Hofstra,W
2001,13,1220,Hofstra,W
2000,16,1249,Lamar,W
2012,16,1249,Lamar,X
2000,14,1111,Appalachian St,X
2021,16,1111,Appalachian St,X
2000,15,1423,UNC Wilmington,X
2002,13,1423,UNC Wilmington,Y
2003,11,1423,UNC Wilmington,X
2006,9,1423,UNC Wilmington,W
2016,13,1423,UNC Wilmington,Z
2017,12,1423,UNC Wilmington,W
2000,12,1382,St Bonaventure,Y
2012,14,1382,St Bonaventure,W
2018,11,1382,St Bonaventure,W
2021,9,1382,St Bonaventure,W
2000,15,1148,Central Conn,Y
2002,14,1148,Central Conn,Y
2007,16,1148,Central Conn,X
2000,9,1201,Fresno St,Z
2001,9,1201,Fresno St,Z
2016,14,1201,Fresno St,X
2000,12,1232,Indiana St,Z
2001,13,1232,Indiana St,Z
2011,14,1232,Indiana St,W
2000,13,1369,SE Missouri St,Z
2001,14,1381,Southern Utah,W
2001,15,1214,Hampton,X
2002,15,1214,Hampton,W
2006,16,1214,Hampton,Y
2011,16,1214,Hampton,X
2015,16,1214,Hampton,Y
2016,16,1214,Hampton,X
2001,13,1169,CS Northridge,Y
2009,15,1169,CS Northridge,Z
2001,16,1322,Northwestern LA,Y
2006,14,1322,Northwestern LA,W
2013,14,1322,Northwestern LA,X
2001,16,1106,Alabama St,Z
2004,16,1106,Alabama St,W
2009,16,1106,Alabama St,Y
2011,16,1106,Alabama St,W
2002,15,1194,FL Atlantic,Y
2003,14,1407,Troy,X
2017,15,1407,Troy,W
2003,15,1358,Sam Houston St,X
2010,14,1358,Sam Houston St,X
2003,16,1421,UNC Asheville,X
2011,16,1421,UNC Asheville,Y
2012,16,1421,UNC Asheville,W
2016,15,1421,UNC Asheville,Y
2003,15,1447,Wagner,Y
2003,16,1237,IUPUI,Y
2003,12,1454,WI Milwaukee,Z
2005,12,1454,WI Milwaukee,X
2006,11,1454,WI Milwaukee,Y
2014,15,1454,WI Milwaukee,W
2003,16,1436,Vermont,Z
2004,15,1436,Vermont,X
2005,13,1436,Vermont,Y
2010,16,1436,Vermont,Z
2012,16,1436,Vermont,X
2017,13,1436,Vermont,Y
2019,13,1436,Vermont,X
2022,13,1436,Vermont,X
2004,11,1102,Air Force,W
2006,13,1102,Air Force,Z
2004,15,1186,E Washington,Y
2015,13,1186,E Washington,X
2021,14,1186,E Washington,X
2005,15,1368,SE Louisiana,X
2005,14,1310,Niagara,Y
2007,16,1310,Niagara,Z
2005,15,1184,E Kentucky,Y
2007,16,1184,E Kentucky,W
2014,15,1184,E Kentucky,X
2005,16,1175,Delaware St,Y
2005,16,1105,Alabama A&M,Z
2005,16,1324,Oakland,Z
2010,14,1324,Oakland,Z
2011,13,1324,Oakland,X
2006,15,1125,Belmont,X
2007,15,1125,Belmont,W
2008,15,1125,Belmont,Z
2011,13,1125,Belmont,Y
2012,14,1125,Belmont,X
2013,11,1125,Belmont,Z
2015,15,1125,Belmont,W
2019,11,1125,Belmont,W
2006,16,1331,Oral Roberts,X
2007,14,1331,Oral Roberts,W
2008,13,1331,Oral Roberts,Y
2021,15,1331,Oral Roberts,Z
2006,16,1107,SUNY Albany,Z
2007,13,1107,SUNY Albany,X
2013,15,1107,SUNY Albany,Y
2014,16,1107,SUNY Albany,X
2015,14,1107,SUNY Albany,W
2007,15,1394,TAM C. Christi,Y
2022,16,1394,TAM C. Christi,Y
2008,15,1110,American Univ,W
2009,14,1110,American Univ,W
2014,15,1110,American Univ,Z
2008,14,1168,CS Fullerton,X
2018,15,1168,CS Fullerton,W
2022,15,1168,CS Fullerton,X
2008,15,1420,UMBC,X
2018,16,1420,UMBC,Y
2008,16,1340,Portland St,X
2009,13,1340,Portland St,W
2008,16,1426,UT Arlington,Y
2008,5,1179,Drake,Z
2021,11,1179,Drake,X
2009,15,1127,Binghamton,W
2009,14,1372,SF Austin,X
2014,12,1372,SF Austin,X
2015,12,1372,SF Austin,X
2016,14,1372,SF Austin,W
2018,14,1372,SF Austin,W
2009,15,1288,Morgan St,X
2010,15,1288,Morgan St,W
2009,14,1295,N Dakota St,Y
2014,12,1295,N Dakota St,Z
2015,15,1295,N Dakota St,X
2019,16,1295,N Dakota St,W
2009,16,1287,Morehead St,Y
2011,13,1287,Morehead St,Z
2021,14,1287,Morehead St,Y
2010,13,1459,Wofford,W
2011,14,1459,Wofford,Y
2014,15,1459,Wofford,Y
2015,12,1459,Wofford,Z
2019,7,1459,Wofford,Y
2010,16,1115,Ark Pine Bluff,X
2011,15,1294,N Colorado,X
2012,12,1217,Harvard,W
2013,14,1217,Harvard,Z
2014,12,1217,Harvard,W
2015,13,1217,Harvard,Z
2012,14,1355,S Dakota St,Y
2013,13,1355,S Dakota St,X
2016,12,1355,S Dakota St,Y
2017,16,1355,S Dakota St,X
2018,12,1355,S Dakota St,Z
2022,13,1355,S Dakota St,Y
2012,15,1313,Norfolk St,Z
2021,16,1313,Norfolk St,X
2022,16,1313,Norfolk St,W
2013,15,1195,FL Gulf Coast,X
2016,16,1195,FL Gulf Coast,W
2017,14,1195,FL Gulf Coast,X
2014,14,1300,NC Central,W
2017,16,1300,NC Central,Y
2018,16,1300,NC Central,Z
2019,16,1300,NC Central,W
2014,16,1142,Cal Poly,Y
2015,13,1414,UC Irvine,W
2019,13,1414,UC Irvine,Z
2015,16,1316,North Florida,X
2015,12,1138,Buffalo,Y
2016,14,1138,Buffalo,Y
2018,13,1138,Buffalo,Y
2019,6,1138,Buffalo,X
2016,13,1392,Stony Brook,W
2016,12,1463,Yale,Z
2019,14,1463,Yale,W
2022,14,1463,Yale,W
2016,15,1167,CS Bakersfield,Z
2017,8,1321,Northwestern,X
2017,15,1315,North Dakota,X
2017,15,1240,Jacksonville St,Y
2022,15,1240,Jacksonville St,Y
2017,16,1413,UC Davis,Y
2017,15,1297,N Kentucky,Z
2019,14,1297,N Kentucky,X
2018,15,1252,Lipscomb,Z
2019,15,1101,Abilene Chr,Y
2021,14,1101,Abilene Chr,W
2019,16,1205,Gardner Webb,Z
2021,15,1213,Grand Canyon,X
2021,16,1216,Hartford,Z
2022,14,1255,Longwood,Z
2022,16,1136,Bryant,Z
